key,level,name,full_name,description,shade,parent
2226,1,Data Services,Data Services,"Data Services encompass a broad range of managed services and solutions designed to facilitate the storage, retrieval, management, and analysis of data across various platforms and environments.","rgb(47, 79, 79)",
2270,1,Services,Services,"","rgb(105, 105, 105)",
2271,1,System Interaction,System Interaction,"","rgb(112, 128, 144)",
2274,1,User Interaction,User Interaction,"User Interaction (UI) encompasses the methods and mechanisms through which users interact with computer systems, applications, or devices.","rgb(119, 136, 153)",
2259,2,Application Services,Services##Application Services,Services that are running along with application in production,"rgb(153, 26, 221)",2270
2218,2,Batch Services,System Interaction##Batch Services,"Batch Services refer to automated processing services that execute batches of tasks or jobs without manual intervention, typically scheduled or triggered based on specific conditions.","rgb(72, 61, 139)",2271
2224,2,Communication Services,System Interaction##Communication Services,"Communication Services encompass a broad range of digital services designed to facilitate the exchange of information and data between individuals, systems, or devices over various networks.","rgb(106, 90, 205)",2271
2228,2,Data File Services,Data Services##Data File Services,Data File Services are primarily focused on managing and handling data stored on file systems.,"rgb(211, 211, 211)",2226
2227,2,Database Services,Data Services##Database Services,Database Services refer to the managed offerings that provide users with access to database functionalities.,"rgb(5, 129, 134)",2226
2251,2,Logic Services,Services##Logic Services,"Logic Services, within the realm of software architecture and cloud computing, refer to platforms and tools that facilitate the implementation, execution, and orchestration of business logic across applications and services.","rgb(0, 0, 128)",2270
2257,2,Mobile Interaction,User Interaction##Mobile Interaction,"Mobile Interaction refers to the ways users engage with mobile devices, such as smartphones and tablets, through interfaces and applications designed specifically for mobile contexts.","rgb(132, 112, 255)",2274
2262,2,Output Services,Services##Output Services,Output Services in software architecture refer to the components or layers responsible for generating and managing the output of an application.,"rgb(100, 149, 237)",2270
2268,2,Screen Interaction,User Interaction##Screen Interaction,Screen Interaction refers to the ways users engage with graphical user interfaces (GUIs) on digital screens.,"rgb(0, 0, 205)",2274
2273,2,Transactional Services,System Interaction##Transactional Services,Transactional Services in the context of enterprise computing and software architecture refer to systems or platforms that manage and ensure the integrity and consistency of transactions across databases and distributed systems.,"rgb(123, 104, 238)",2271
2277,2,Web Interaction,User Interaction##Web Interaction,Web Interaction refers to the design and implementation of interactive elements and behaviors in web applications.,"rgb(65, 105, 225)",2274
2230,3,.NET Transaction,System Interaction##Transactional Services##.NET Transaction,"","rgb(13, 125, 97)",2273
3811,3,API Gateway,Services##Application Services##API Gateway,An API Gateway is primarily responsible for handling API requests and directing them to the appropriate backend services,"rgb(154, 36, 79)",2259
3064,3,API Management,Services##Application Services##API Management,"An API Management service provides tools and platforms to design, secure, monitor APIs","rgb(13, 125, 97)",2259
3056,3,Authentication Services,Services##Application Services##Authentication Services,"Authentication Services verify the identity of users or systems by validating credentials such as passwords, biometrics, or tokens to ensure secure access to resources and data.","rgb(13, 125, 97)",2259
2219,3,BI Services,Services##Output Services##BI Services,"Business Intelligence (BI) Services encompass a broad range of technologies, applications, strategies, and practices used to collect, integrate, analyze, and present an organization's raw data.","rgb(13, 125, 97)",2262
1951,3,Build Services,Services##Logic Services##Build Services,Build Services in the context of software development and DevOps refer to tools or platforms that automate the process of converting code into executable applications or software packages.,"rgb(13, 125, 97)",2251
2220,3,Business Logic,Services##Logic Services##Business Logic,"Business Logic refers to the custom rules or algorithms that handle the exchange, processing, and management of data in a software application.","rgb(13, 125, 97)",2251
2221,3,Business Logic Communication,Services##Logic Services##Business Logic Communication,"Business Logic Communication refers to the mechanisms and patterns used for exchanging data and commands between the business logic layer of an application and other parts of the system, such as the presentation (user interface) layer, data access layer, external services, or between different components within the business logic layer itself.","rgb(13, 125, 97)",2251
2222,3,Business Logic Coordination,Services##Logic Services##Business Logic Coordination,Business Logic Coordination involves orchestrating and managing the interactions between different pieces of business logic within an application or across distributed systems to achieve coherent business processes and workflows,"rgb(13, 125, 97)",2251
2223,3,Business Process Services,System Interaction##Communication Services##Business Process Services,Business Process Services (BPS) involve the outsourcing of specific operational tasks or processes to external service providers.,"rgb(13, 125, 97)",2224
3062,3,Container,Services##Application Services##Container,"A container, such as those created with Docker or Kubernetes, is a lightweight, portable, and self-sufficient software package that includes all the necessary components to run an application consistently across different computing environments.","rgb(13, 125, 97)",2259
2225,3,Data Access Services,Services##Logic Services##Data Access Services,"Data Access Services refer to the layer or components in a software architecture responsible for managing access to data stored in databases, file systems, or other storage mechanisms.","rgb(13, 125, 97)",2251
2229,3,DataSet Storage,Data Services##Data File Services##DataSet Storage,DataSet data storage formats used primarily on IBM mainframe systems.,"rgb(13, 125, 97)",2228
3061,3,Distributed Tracing,Services##Application Services##Distributed Tracing,"Distributed tracing, exemplified by tools like OpenZipkin, is a technique for tracking and visualizing requests as they propagate through various services in a distributed system, providing insights into performance bottlenecks and dependencies.","rgb(13, 125, 97)",2259
2231,3,Exposed API,System Interaction##Communication Services##Exposed API,All REST/SOAP/RPC exposed API,"rgb(13, 125, 97)",2224
2232,3,File Storage,Data Services##Data File Services##File Storage,Refers to dedicated file storage solutions.,"rgb(13, 125, 97)",2228
3715,3,Functional Microservice,Services##Logic Services##Functional Microservice,"A functional microservice is a microservice designed around a specific business function or capability, rather than just a technical function.",,2251
2233,3,Hierarchical DB Services,Data Services##Database Services##Hierarchical DB Services,"It refers to the management and manipulation of data stored in a hierarchical database model. In this model, data is organized into a tree-like structure, consisting of parent-child relationships, where each record (or node) has one parent, except for the root, and can have multiple children.","rgb(13, 125, 97)",2227
2248,3,In Memory Services,Data Services##Database Services##In Memory Services,It refers to technologies and solutions that store data in the main memory (RAM) of a computer rather than on traditional disk-based storage systems.,"rgb(13, 125, 97)",2227
2250,3,Java Transaction,System Interaction##Transactional Services##Java Transaction,"","rgb(13, 125, 97)",2273
3063,3,Load Balancer,Services##Application Services##Load Balancer,"A load balancer is a device or software application that efficiently distributes incoming network traffic across a group of servers, ensuring high availability and reliability by effectively managing the workload.","rgb(13, 125, 97)",2259
2126,3,Local Persistence,Data Services##Data File Services##Local Persistence,"Local Persistence (In Memory Store, Embedded DB,...) Layer","rgb(13, 125, 97)",2228
3066,3,Logging,Services##Application Services##Logging,"A logging service is a tool or platform that collects, stores, and manages logs generated by applications and systems, providing a centralized location for monitoring and troubleshooting issues.","rgb(13, 125, 97)",2259
2252,3,Mainframe Transaction,System Interaction##Transactional Services##Mainframe Transaction,"","rgb(13, 125, 97)",2273
3075,3,Message Broker,Services##Application Services##Message Broker,"A message broker is an intermediary software component that facilitates communication between distributed applications, allowing them to exchange messages efficiently and asynchronously, often using a messaging protocol such as MQTT or AMQP.","rgb(13, 125, 97)",2259
2253,3,Messaging Services,System Interaction##Communication Services##Messaging Services,"Messaging Services provide a platform for exchanging messages, including text, voice, video, and files, between users or systems in real-time or asynchronously.","rgb(13, 125, 97)",2224
2254,3,Mobile Business Logic,User Interaction##Mobile Interaction##Mobile Business Logic,"Mobile Business Logic refers to the set of rules, calculations, data processing, and workflows that are applied in mobile applications to manage and manipulate data, enforce business policies, and support the application's core functionalities.","rgb(13, 125, 97)",2257
2255,3,Mobile Communication,User Interaction##Mobile Interaction##Mobile Communication,"Mobile Communication within the context of mobile applications refers to the methods and technologies used to enable interaction between mobile devices and other systems, such as servers, other mobile devices, or web services.","rgb(13, 125, 97)",2257
2256,3,Mobile Data Access,User Interaction##Mobile Interaction##Mobile Data Access,"Mobile Data Access refers to the methodologies and technologies that mobile applications use to retrieve, manipulate, and store data, ensuring that mobile users have timely and efficient access to the information they need.","rgb(13, 125, 97)",2257
2258,3,Mobile Presentation,User Interaction##Mobile Interaction##Mobile Presentation,Mobile Presentation refers to the design and implementation of user interfaces (UI).,"rgb(13, 125, 97)",2257
3060,3,Monitoring Alerting,Services##Application Services##Monitoring Alerting,"A Monitoring Alerting service is a system that continuously observes and tracks the performance and health of applications, providing real-time data and insights. It automatically generates alerts and notifications when predefined thresholds or anomalies are detected, enabling prompt response and resolution to potential issues.","rgb(13, 125, 97)",2259
2260,3,Network Model DB Services,Data Services##Database Services##Network Model DB Services,"It refers to the management, storage, and retrieval of data using the network data model. This model is a more flexible alternative to the hierarchical database model, allowing multiple parent-child relationships (or many-to-many relationships) among data entities.","rgb(13, 125, 97)",2227
2261,3,NoSQL Services,Data Services##Database Services##NoSQL Services,"NoSQL Services provide scalable, flexible, and high-performance database solutions designed to store and manage large volumes of structured, semi-structured, and unstructured data across distributed systems.","rgb(13, 125, 97)",2227
2263,3,RDBMS Services,Data Services##Database Services##RDBMS Services,"Relational Database Management System (RDBMS) Services provide managed, scalable, and secure environments for storing and managing data in a structured format using tables.","rgb(13, 125, 97)",2227
2264,3,Reporting Services,Services##Output Services##Reporting Services,"Reporting Services in the context of software and business intelligence (BI) refer to technologies, applications, and practices for the collection, integration, analysis, and presentation of business information.","rgb(13, 125, 97)",2262
2265,3,Rich Client Business Logic,User Interaction##Screen Interaction##Rich Client Business Logic,Rich Client Business Logic refers to the complex processing and decision-making capabilities that are embedded within the client side of an application.,"rgb(13, 125, 97)",2268
2266,3,Rich Client Presentation,User Interaction##Screen Interaction##Rich Client Presentation,Rich Client Presentation refers to the design and implementation of sophisticated and interactive user interfaces in desktop applications.,"rgb(13, 125, 97)",2268
2267,3,SAP Transaction,System Interaction##Transactional Services##SAP Transaction,"","rgb(13, 125, 97)",2273
2269,3,Script Batch Interfaces,System Interaction##Batch Services##Script Batch Interfaces,Script Batch Interfaces are tools for automating repetitive tasks across various operating systems by executing a series of predefined command-line instructions without user intervention.,"rgb(13, 125, 97)",2218
3065,3,Service Registration,Services##Application Services##Service Registration,"Service registration, as implemented by Zookeeper, is a process where distributed services can register themselves and their availability in a centralized registry, enabling other services to discover and communicate with them dynamically.","rgb(13, 125, 97)",2259
3716,3,Technical Microservice,Services##Logic Services##Technical Microservice,"A technical microservice is a microservice designed around a technical function, rather than a business function.",,2251
2272,3,Terminal Presentation,User Interaction##Screen Interaction##Terminal Presentation,Terminal Presentation refers to the design and implementation of user interfaces and interactions within terminal emulators or command-line interfaces (CLIs).,"rgb(13, 125, 97)",2268
2275,3,Web Communication,User Interaction##Web Interaction##Web Communication,"Web Communication encompasses the technologies, protocols, and standards that enable the exchange of data and interaction between web clients (such as browsers or web apps) and servers over the internet.","rgb(13, 125, 97)",2277
2276,3,Web Coordination,User Interaction##Web Interaction##Web Coordination,Web Coordination refers to the strategies and mechanisms used to manage and synchronize interactions between various components within web applications and services.,"rgb(13, 125, 97)",2277
2278,3,Web Presentation,User Interaction##Web Interaction##Web Presentation,Web Presentation refers to the layer in web development that deals with the display and interaction aspects of a web application or website from the user's perspective.,"rgb(13, 125, 97)",2277
2,4,.NET,Services##Logic Services##Business Logic##.NET,".NET is a free, cross-platform, open source developer platform for building many different types of applications. You can write .NET apps in C#, F#, or Visual Basic","rgb(148, 0, 255)",2220
56,4,.NET LINQ,Services##Logic Services##Data Access Services##.NET LINQ,.NET LINQ,"rgb(148, 0, 255)",2225
31,4,.NET System,Services##Logic Services##Business Logic##.NET System,.NET System,"rgb(148, 0, 255)",2220
55,4,.NET System Data,Services##Logic Services##Data Access Services##.NET System Data,.NET System Data,"rgb(148, 0, 255)",2225
72,4,.NET System Diagnostics,Services##Logic Services##Business Logic##.NET System Diagnostics,.NET System Diagnostics.,"rgb(148, 0, 255)",2220
52,4,.NET System HTTP,Services##Logic Services##Business Logic Communication##.NET System HTTP,.NET System HTTP,"rgb(148, 0, 255)",2221
67,4,.NET System IO,Services##Logic Services##Business Logic Communication##.NET System IO,"Contains types that allow reading and writing to files and data streams, and types that provide basic file and directory support.","rgb(148, 0, 255)",2221
60,4,.NET System Net,Services##Logic Services##Business Logic##.NET System Net,.NET System Net,"rgb(148, 0, 255)",2220
62,4,.NET System Security,Services##Logic Services##Business Logic##.NET System Security,.NET System Security,"rgb(148, 0, 255)",2220
69,4,.NET System Threading,Services##Logic Services##Business Logic##.NET System Threading,.NET System Threading,"rgb(148, 0, 255)",2220
3140,4,.NET System Web,User Interaction##Web Interaction##Web Presentation##.NET System Web,These packages contain classes and interfaces that enable browser-server communication.,"rgb(153, 41, 189)",2278
3718,4,.NET System Web HTTP,Services##Logic Services##Business Logic Communication##.NET System Web HTTP,"used for building RESTful HTTP services, providing classes like ApiController, HttpRequestMessage, and HttpResponseMessage for handling API requests and responses.","rgb(153, 41, 189)",2221
3719,4,.NET System Web MVC,User Interaction##Web Interaction##Web Presentation##.NET System Web MVC,"Provides classes for building server-side web applications, handling routing, controllers, views (Razor), and model binding in the .NET Framework.","rgb(153, 41, 189)",2278
3141,4,.NET System Web UI,User Interaction##Screen Interaction##Rich Client Presentation##.NET System Web UI,Provides classes and interfaces that enable you to create ASP.NET server controls and ASP.NET Web pages for the user interface of your ASP.NET Web applications.,"rgb(153, 41, 189)",2266
75,4,.NET System Windows,User Interaction##Web Interaction##Web Presentation##.NET System Windows,.NET System Windows,"rgb(148, 0, 255)",2278
3729,4,.NET System XML,Services##Logic Services##Business Logic##.NET System XML,Provides classes for working with XML documents,"rgb(148, 0, 255)",2220
1895,4,ADO.NET,Services##Logic Services##Data Access Services##ADO.NET,ADO.NET,"rgb(103, 48, 176)",2225
3184,4,ADODB,Services##Logic Services##Data Access Services##ADODB,Microsoft ActiveX Data Objects (ADO) DB,"rgb(153, 41, 189)",2225
604,4,AMP Tools,Services##Logic Services##Business Logic##AMP Tools,A collection of AMP tools making it easier to publish and host AMP pages.,"rgb(0, 140, 180)",2220
2965,4,AMQP for Python,System Interaction##Communication Services##Messaging Services##AMQP for Python,"AMQP (Advanced Message Queuing Protocol) is a messaging protocol used for building distributed and asynchronous systems. In Python, several libraries implement AMQP clients to connect and interact with message brokers like RabbitMQ.","rgb(255, 106, 0)",2253
206,4,APPC/MVS Utility,Services##Logic Services##Business Logic Communication##APPC/MVS Utility,APPC/MVS Utility,"rgb(13, 118, 213)",2221
438,4,AR/CTL Utility,Services##Logic Services##Business Logic##AR/CTL Utility,"Application Restart Control (AR/CTL) 


https://bmcsites.force.com/casemgmt/sc_KnowledgeArticle?sfdcid=000154241","rgb(255, 170, 0)",2220
593,4,ASM,Services##Logic Services##Business Logic##ASM,"ASM, a very small and fast Java bytecode manipulation framework","rgb(154, 36, 79)",2220
4044,4,ASN.1,Services##Logic Services##Business Logic##ASN.1,"ASN.1 (Abstract Syntax Notation One) is a standard interface description language for defining data structures used in telecommunications, cryptography, and networking.","rgb(105, 185, 247)",2220
43,4,ASP.NET,Services##Logic Services##Business Logic##ASP.NET,A framework for building web apps and services with .NET and C#.,"rgb(148, 0, 255)",2220
1899,4,ASP.NET Business Logic,User Interaction##Web Interaction##Web Coordination##ASP.NET Business Logic,ASP.NET Business Logic,"rgb(103, 48, 176)",2276
1900,4,ASP.NET Communication,User Interaction##Web Interaction##Web Communication##ASP.NET Communication,ASP.NET REST/SOAP/RPC call,"rgb(103, 48, 176)",2275
53,4,ASP.NET Core,User Interaction##Web Interaction##Web Presentation##ASP.NET Core,A framework for building web apps and services with .NET and C#.,"rgb(148, 0, 255)",2278
234,4,ASP.NET Core Authentication,Services##Logic Services##Business Logic##ASP.NET Core Authentication,A framework for building web apps and services with .NET and C#.,"rgb(148, 0, 255)",2220
236,4,ASP.NET Core HTTP,System Interaction##Communication Services##Exposed API##ASP.NET Core HTTP,A framework for building web apps and services with .NET and C#.,"rgb(148, 0, 255)",2231
237,4,ASP.NET Core MVC,System Interaction##Communication Services##Exposed API##ASP.NET Core MVC,A framework for building web apps and services with .NET and C#.,"rgb(148, 0, 255)",2231
235,4,ASP.NET Core SignalR,System Interaction##Communication Services##Messaging Services##ASP.NET Core SignalR,A framework for building web apps and services with .NET and C#.,"rgb(148, 0, 255)",2253
1901,4,ASP.NET Exposed Services,System Interaction##Communication Services##Exposed API##ASP.NET Exposed Services,ASP.NET Exposed Services,"rgb(103, 48, 176)",2231
232,4,ASP.NET MVC,System Interaction##Communication Services##Exposed API##ASP.NET MVC,ASP.NET MVC,"rgb(148, 0, 255)",2231
1903,4,ASP.NET Presentation,User Interaction##Web Interaction##Web Presentation##ASP.NET Presentation,ASP.NET Presentation,"rgb(103, 48, 176)",2278
3763,4,ASP.NET SignalR,Services##Logic Services##Business Logic Communication##ASP.NET SignalR,"Microsoft.AspNet.SignalR (Classic SignalR) is a library for ASP.NET that enables real-time, bidirectional communication between server and clients over WebSockets, long polling, or other transport protocols.","rgb(52, 153, 203)",2221
3105,4,ASP.Net Boilerplate (Abp),User Interaction##Web Interaction##Web Presentation##ASP.Net Boilerplate (Abp),"ASP.NET Boilerplate (ABP) is an open-source application framework for building web applications on the ASP.NET platform. It provides a foundation with pre-built modules, best practices, and scaffolding to streamline the development process, promote code reuse, and maintainability","rgb(97, 23, 124)",2278
1873,4,AWS API Gateway,System Interaction##Communication Services##Exposed API##AWS API Gateway,AWS API Gateway,"rgb(221, 183, 23)",2231
504,4,AWS Amplify for JS-TS,Services##Logic Services##Business Logic##AWS Amplify for JS-TS,AWS Amplify is a complete solution that lets frontend web and mobile developers easily.,"rgb(254, 199, 0)",2220
3556,4,AWS Cognito for Java,Services##Logic Services##Business Logic##AWS Cognito for Java,Develop and deploy applications with the AWS Cognito SDK for Java.,"rgb(123, 33, 159)",2220
1867,4,AWS DynamoDB,Data Services##Database Services##NoSQL Services##AWS DynamoDB,"Amazon DynamoDB is a fully managed proprietary NoSQL. AWS DynamoDB offers a fast persistent key–value datastore with built-in support for replication, autoscaling, encryption at rest, and on-demand backup among other features.","rgb(9, 130, 221)",2261
3553,4,AWS DynamoDB for Java,Services##Logic Services##Business Logic##AWS DynamoDB for Java,Develop and deploy applications with the AWS DynamoDB SDK for Java.,"rgb(0, 97, 255)",2220
3555,4,AWS Glacier for Java,Services##Logic Services##Business Logic##AWS Glacier for Java,Develop and deploy applications with the AWS Glacier SDK for Java.,"rgb(181, 26, 0)",2220
1865,4,AWS Lambda,Services##Logic Services##Business Logic##AWS Lambda,AWS Lambda,"rgb(250, 126, 20)",2220
3743,4,AWS Lambda for .NET,Services##Logic Services##Business Logic##AWS Lambda for .NET,"AWS Lambda for .NET allows running C# or other .NET Core applications in a serverless environment, automatically scaling based on the demand without managing infrastructure.","rgb(221, 149, 5)",2220
1866,4,AWS S3,Data Services##Data File Services##File Storage##AWS S3,"Amazon Web Services (AWS) S3 (Simple Storage Service) is a scalable, high-speed, web-based cloud storage service designed for online backup and archiving of data and application programs.","rgb(235, 9, 9)",2232
3554,4,AWS S3 for Java,Services##Logic Services##Business Logic##AWS S3 for Java,Develop and deploy applications with the AWS S3 SDK for Java.,"rgb(227, 36, 0)",2220
1909,4,AWS SDK Java,Services##Logic Services##Business Logic##AWS SDK Java,AWS SDK Java,"rgb(237, 183, 11)",2220
45,4,AWS SDK for .NET,Services##Logic Services##Business Logic##AWS SDK for .NET,Develop and deploy applications with the AWS SDK for .NET.,"rgb(221, 149, 5)",2220
77,4,AWS SDK for C++,Services##Logic Services##Business Logic##AWS SDK for C++,"The SDK is a modern, open-source C++ library that makes it easy to integrate your C++ application with AWS services like Amazon S3, Amazon Kinesis, and Amazon DynamoDB.","rgb(221, 149, 5)",2220
13,4,AWS SDK for JS-TS,Services##Logic Services##Business Logic##AWS SDK for JS-TS,Develop and deploy applications with the AWS SDK for Javascript and Typescript,"rgb(221, 149, 5)",2220
98,4,AWS SDK for Java,Services##Logic Services##Business Logic##AWS SDK for Java,Develop and deploy applications with the AWS SDK for Java.,"rgb(0, 0, 0)",2220
1789,4,AWS SDK for Python,Services##Logic Services##Business Logic##AWS SDK for Python,Develop and deploy applications with the AWS SDK for Python,"rgb(221, 149, 10)",2220
1871,4,AWS SNS,System Interaction##Communication Services##Messaging Services##AWS SNS,AWS SNS,"rgb(111, 42, 202)",2253
3642,4,AWS SNS for Java,System Interaction##Communication Services##Messaging Services##AWS SNS for Java,"AWS SNS (Simple Notification Service) for Java allows applications to send push notifications, SMS, emails, or messages to distributed systems using the AWS SDK for Java, supporting both topic-based publish-subscribe and direct messaging.","rgb(230, 101, 170)",2253
1872,4,AWS SQS,System Interaction##Communication Services##Messaging Services##AWS SQS,"Amazon Web Services (AWS) Simple Queue Service (SQS) is a fully managed message queuing service that enables the decoupling and scaling of microservices, distributed systems, and serverless applications.","rgb(219, 158, 5)",2253
3644,4,AWS SQS for .NET,System Interaction##Communication Services##Messaging Services##AWS SQS for .NET,"AWS SQS (Simple Queue Service) for .NET allows applications to send, receive, and manage message queues for asynchronous processing, decoupling microservices, and ensuring reliable message delivery using the AWS SDK for .NET","rgb(247, 187, 59)",2253
3643,4,AWS SQS for Java,System Interaction##Communication Services##Messaging Services##AWS SQS for Java,"AWS SQS (Simple Queue Service) for Java enables applications to send, receive, and manage message queues for decoupling microservices, handling asynchronous processing, and ensuring reliable message delivery using the AWS SDK for Java.","rgb(247, 187, 59)",2253
3095,4,Acegi Security,Services##Logic Services##Business Logic##Acegi Security,Acegi Security is a powerful and flexible security solution for Java enterprise applications built using the Spring framework.,"rgb(181, 26, 0)",2220
1910,4,ActiveMQ,System Interaction##Communication Services##Messaging Services##ActiveMQ,ActiveMQ,"rgb(208, 60, 187)",2253
3598,4,ActiveMQ Artemis Client Core,System Interaction##Communication Services##Messaging Services##ActiveMQ Artemis Client Core,,"rgb(157, 52, 52)",2253
3053,4,ActiveSOAP,Services##Logic Services##Business Logic Communication##ActiveSOAP,ActiveSOAP,"rgb(217, 80, 0)",2221
435,4,Activiti,Services##Logic Services##Business Logic##Activiti,"Activiti is the leading lightweight, java-centric open-source BPMN engine supporting real-world process automation.","rgb(102, 156, 53)",2220
2919,4,Adaptive Communication Environment,Services##Logic Services##Business Logic##Adaptive Communication Environment,An OO Network Programming Toolkit in C++,"rgb(0, 140, 180)",2220
270,4,Adobe BlazeDS,Services##Output Services##Reporting Services##Adobe BlazeDS,Adobe BlazeDS,"rgb(176, 114, 25)",2264
426,4,Adobe SDK for Java,Services##Output Services##Reporting Services##Adobe SDK for Java,Adobe SDKs for Java,"rgb(181, 26, 0)",2264
505,4,Advanced Data Grid,Services##Logic Services##Business Logic##Advanced Data Grid,The professional choice for developers building enterprise applications.,"rgb(185, 45, 93)",2220
2981,4,Airbrake for Java,Services##Application Services##Monitoring Alerting##Airbrake for Java,Frictionless error monitoring and performance insights for your entire app stack.,"rgb(213, 132, 0)",3060
2980,4,Airlift,System Interaction##Communication Services##Exposed API##Airlift,Airlift framework for building REST services.,"rgb(173, 62, 0)",2231
3026,4,Ajax Control Toolkit,User Interaction##Web Interaction##Web Communication##Ajax Control Toolkit,"The ASP.NET AJAX Control Toolkit is an open-source project built on top of the Microsoft ASP.NET AJAX framework. It is a joint effort between Microsoft and the ASP.NET AJAX community that provides a powerful infrastructure to write reusable, customizable and extensible ASP.NET AJAX extenders and controls, as well as a rich array of controls that can be used out of the box to create an interactive Web experience.","rgb(121, 26, 62)",2275
1388,4,AjaxTags,Services##Logic Services##Business Logic##AjaxTags,AjaxTags is a Java library that simplifies the integration of AJAX functionality into web applications by providing custom JSP tags,"rgb(121, 26, 62)",2220
289,4,Akka for Java,Services##Logic Services##Business Logic##Akka for Java,Akka technologies for Java,"rgb(0, 140, 180)",2220
594,4,Algolia,Services##Logic Services##Business Logic##Algolia,lgolia’s JavaScript API client lets you use Algolia’s APIs from your JavaScript application.,"rgb(0, 66, 170)",2220
423,4,AlibabaCloud for Java,Services##Logic Services##Business Logic##AlibabaCloud for Java,AlibabaCloud sdks for Java,"rgb(35, 35, 35)",2220
603,4,Amcharts,Services##Logic Services##Business Logic##Amcharts,JavaScript Charts & Maps.,"rgb(0, 140, 180)",2220
1913,4,Android Business Logic,User Interaction##Mobile Interaction##Mobile Business Logic##Android Business Logic,Android Business Logic Layer,"rgb(154, 208, 18)",2254
1914,4,Android Communication,User Interaction##Mobile Interaction##Mobile Communication##Android Communication,Android Communication,"rgb(154, 208, 18)",2255
1915,4,Android Data Access,User Interaction##Mobile Interaction##Mobile Data Access##Android Data Access,Android Data Access,"rgb(154, 208, 18)",2256
114,4,Android Mobile,Services##Logic Services##Business Logic##Android Mobile,All Android Java/Kotlin frameworks used for Mobile applications,"rgb(150, 219, 12)",2220
1917,4,Android Presentation,User Interaction##Mobile Interaction##Mobile Presentation##Android Presentation,Android Presentation,"rgb(154, 208, 18)",2258
25,4,Angular,User Interaction##Web Interaction##Web Presentation##Angular,The front-end stack is a web application,"rgb(181, 26, 0)",2278
1922,4,Angular Communication,User Interaction##Web Interaction##Web Communication##Angular Communication,Angular Communication Layer,"rgb(219, 10, 10)",2275
9,4,AngularJS,User Interaction##Web Interaction##Web Presentation##AngularJS,AngularJS - HTML enhanced for web apps!,"rgb(227, 36, 0)",2278
595,4,AntV,Services##Logic Services##Business Logic##AntV,G 一个灵活的可视化渲染引擎,"rgb(123, 33, 159)",2220
3459,4,AntiXSS,Services##Logic Services##Business Logic##AntiXSS,"AntiXSS is an encoding library which uses a safe list approach to encoding. It provides Html, XML, Url, Form, LDAP, CSS, JScript and VBScript encoding methods to allow you to avoid Cross Site Scripting attacks. This library is part of the Microsoft SDL tools.","rgb(181, 26, 0)",2220
405,4,Antlr,Services##Logic Services##Business Logic##Antlr,"ANTLR (ANother Tool for Language Recognition) is a powerful parser generator for reading, processing, executing, or translating structured text or binary files.","rgb(181, 26, 0)",2220
4037,4,Antlr for Python,Services##Logic Services##Business Logic##Antlr for Python,"High-performance parser generator, wide language support","rgb(9, 113, 101)",2220
3901,4,Anyio,Services##Logic Services##Business Logic Communication##Anyio,"AnyIO is a Python library that provides a unified, high-level interface for working with asynchronous I/O across multiple event loops.","rgb(42, 187, 157)",2221
117,4,Apache Abdera,Services##Logic Services##Business Logic##Apache Abdera,"The goal of the Apache Abdera project is to build a functionally-complete, high-performance implementation of the IETF Atom Syndication Format (RFC 4287) and Atom Publishing Protocol (RFC 5023) specifications.","rgb(181, 26, 0)",2220
276,4,Apache Accumulo,Services##Logic Services##Business Logic##Apache Accumulo,"Apache Accumulo® is a sorted, distributed key/value store that provides robust, scalable data storage and retrieval.","rgb(181, 26, 0)",2220
173,4,Apache ActiveMQ Artemis,System Interaction##Communication Services##Messaging Services##Apache ActiveMQ Artemis,The Next Generation Message Broker by ActiveMQ,"rgb(181, 26, 0)",2253
33,4,Apache ActiveMQ NMS,System Interaction##Communication Services##Messaging Services##Apache ActiveMQ NMS,.NET Messaging API,"rgb(148, 0, 255)",2253
119,4,Apache ActiveMQ for Java,System Interaction##Communication Services##Messaging Services##Apache ActiveMQ for Java,"Apache ActiveMQ® is the most popular open source, multi-protocol, Java-based message broker","rgb(181, 26, 0)",2253
108,4,Apache Ant,Services##Logic Services##Business Logic##Apache Ant,Apache Ant is a Java library and command-line tool whose mission is to drive processes described in build files as targets and extension points dependent upon each other.,"rgb(181, 26, 0)",2220
330,4,Apache Apex,Services##Logic Services##Business Logic##Apache Apex,Apex is a Hadoop YARN native platform that unifies stream and batch processing,"rgb(0, 199, 252)",2220
1359,4,Apache Archiva,Services##Logic Services##Business Logic##Apache Archiva,The Build Artifact Repository Manager.,"rgb(181, 26, 0)",2220
327,4,Apache Aries,Services##Logic Services##Business Logic##Apache Aries,The Aries project consists of a set of pluggable Java components enabling an enterprise OSGi application programming model,"rgb(181, 26, 0)",2220
357,4,Apache Arrow,Services##Logic Services##Business Logic##Apache Arrow,A cross-language development platform for in-memory analytics.,"rgb(68, 68, 68)",2220
4061,4,Apache Arrow for Python,Services##Logic Services##Business Logic##Apache Arrow for Python,Python library for Apache Arrow,"rgb(9, 114, 159)",2220
115,4,Apache Avalon,Services##Logic Services##Business Logic##Apache Avalon,Retired Project - Apache Avalon provided Java software for component and container programming and pioneered the use of design patterns such as Inversion of Control (IoC) and Separation of Concerns (SoC).,"rgb(181, 26, 0)",2220
273,4,Apache Avro,Services##Logic Services##Business Logic##Apache Avro,Apache Avro - a data serialization system,"rgb(0, 66, 170)",2220
110,4,Apache Axiom,Services##Logic Services##Business Logic##Apache Axiom,The Apache Axiom™ library provides an XML Infoset compliant object model implementation which supports on-demand building of the object tree.,"rgb(181, 26, 0)",2220
127,4,Apache Axis2,Services##Logic Services##Business Logic Communication##Apache Axis2,"Apache Axis2™ is a Web Services JSON / SOAP / WSDL engine, the successor to the widely used Apache Axis SOAP stack.","rgb(181, 26, 0)",2221
168,4,Apache BVal,Services##Logic Services##Business Logic##Apache BVal,"Apache BVal delivers an implementation of the Java Bean Validation Specification which is TCK compliant, works on Java SE 8 or later, and uses the Apache Software License v2.0.","rgb(227, 36, 0)",2220
1360,4,Apache Bahir,Services##Logic Services##Business Logic##Apache Bahir,"Apache Bahir provides extensions to multiple distributed analytic platforms, extending their reach with a diversity of streaming connectors and SQL data sources.","rgb(181, 26, 0)",2220
607,4,Apache Batik,Services##Logic Services##Business Logic##Apache Batik,"Batik is a Java-based toolkit for applications or applets that want to use images in the Scalable Vector Graphics (SVG) format for various purposes, such as display, generation or manipulation.","rgb(181, 26, 0)",2220
430,4,Apache Beam,Services##Logic Services##Business Logic##Apache Beam,"A simplified, single programming model for both batch and streaming use cases.","rgb(255, 64, 19)",2220
332,4,Apache Beehive,User Interaction##Web Interaction##Web Presentation##Apache Beehive,"NetUI: An annotation-driven web application programming framework that is built atop Struts. NetUI centralizes navigation logic, state, metadata, and exception handling in a single encapsulated and reusable Page Flow Controller class. In addition, NetUI provides a set of JSP tags for rendering HTML / XHTML and higher-level UI constructs such as data grids and trees and has first-class integration with JavaServer Faces and Struts.
Controls: A lightweight, metadata-driven component framework for building that reduces the complexity of being a client of enterprise resources. Controls provide a unified client abstraction that can be implemented to access a diverse set of enterprise resources using a single configuration model.
Web Service Metadata (WSM): An implementation of JSR 181 which standardizes a simplified, annotation-driven model for building Java web services.","rgb(217, 80, 0)",2278
277,4,Apache BookKeeper,Services##Logic Services##Business Logic##Apache BookKeeper,"A scalable, fault-tolerant, and low-latency storage service optimized for real-time workloads.","rgb(181, 26, 0)",2220
96,4,Apache CXF,Services##Logic Services##Business Logic Communication##Apache CXF,"Apache CXF™ is an open source services framework. CXF helps you build and develop services using frontend programming APIs, like JAX-WS and JAX-RS. These services can speak a variety of protocols such as SOAP, XML/HTTP, RESTful HTTP, or CORBA and work over a variety of transports such as HTTP, JMS or JBI.","rgb(227, 36, 0)",2221
328,4,Apache Calcite for Java,Services##Logic Services##Business Logic##Apache Calcite for Java,"Apache Calcite is a dynamic data management framework. JDBC driver to connect to Calcite from your application.
","rgb(58, 136, 254)",2220
89,4,Apache Camel,Services##Logic Services##Business Logic Communication##Apache Camel,Camel is an Open Source integration framework that empowers you to quickly and easily integrate various systems consuming or producing data.,"rgb(255, 106, 0)",2221
1935,4,Apache Camel MQ,System Interaction##Communication Services##Messaging Services##Apache Camel MQ,"Apache Camel is an open-source integration framework that enables easy integration of different applications using various messaging patterns, protocols.","rgb(250, 126, 20)",2253
129,4,Apache Cassandra,Services##Logic Services##Data Access Services##Apache Cassandra,Apache Cassandra is an open source NoSQL distributed database trusted by thousands of companies for scalability and high availability without compromising performance.,"rgb(227, 36, 0)",2225
609,4,Apache Cassandra Drivers,Services##Logic Services##Data Access Services##Apache Cassandra Drivers,Apache Cassandra Drivers for Node.js,"rgb(217, 80, 0)",2225
278,4,Apache Cayenne,Services##Logic Services##Business Logic##Apache Cayenne,Apache Cayenne is an open source Java object-to-relational mapping framework.,"rgb(227, 36, 0)",2220
333,4,Apache Chemistry,Services##Logic Services##Business Logic##Apache Chemistry,Apache Chemistry provides open source implementations of the Content Management Interoperability Services (CMIS) specification.,"rgb(0, 199, 252)",2220
125,4,Apache Click,User Interaction##Web Interaction##Web Presentation##Apache Click,"Apache Click™ is a modern JEE web application framework, providing a natural rich client style programming model. Apache Click is designed to be very easy to learn and use, with developers getting up and running within a day.","rgb(227, 36, 0)",2278
279,4,Apache Cocoon,Services##Logic Services##Business Logic##Apache Cocoon,Apache Cocoon is a Spring-based framework (since version 2.2 of Cocoon) built around the concepts of separation of concerns and component-based development.,"rgb(227, 36, 0)",2220
155,4,Apache Commons,Services##Logic Services##Business Logic##Apache Commons,Apache Commons is an Apache project focused on all aspects of reusable Java components.,"rgb(227, 36, 0)",2220
345,4,Apache Continuum,Services##Logic Services##Business Logic##Apache Continuum,"Apache Continuum™ is an enterprise-ready continuous integration server with features such as automated builds, release management, role-based security, and integration with popular build tools and source control management systems.","rgb(0, 140, 180)",2220
17,4,Apache Cordova,User Interaction##Mobile Interaction##Mobile Presentation##Apache Cordova,"Mobile apps with HTML, CSS & JS","rgb(96, 96, 96)",2258
280,4,Apache Crunch,Services##Logic Services##Business Logic##Apache Crunch,"The Apache Crunch Java library provides a framework for writing, testing, and running MapReduce pipelines. Its goal is to make pipelines that are composed of many user-defined functions simple to write, easy to test, and efficient to run.","rgb(227, 36, 0)",2220
131,4,Apache Curator,Services##Logic Services##Business Logic##Apache Curator,"Apache Curator is a Java/JVM client library for Apache ZooKeeper, a distributed coordination service.","rgb(227, 36, 0)",2220
358,4,Apache DeltaSpike,Services##Logic Services##Business Logic##Apache DeltaSpike,DeltaSpike consists of a number of portable CDI extensions that provide useful features for Java application developers.,"rgb(227, 36, 0)",2220
178,4,Apache Derby,Services##Logic Services##Business Logic##Apache Derby,"Apache Derby, an Apache DB subproject, is an open source relational database implemented entirely in Java and available under the Apache License, Version 2.0.","rgb(227, 36, 0)",2220
122,4,Apache Directory,Services##Logic Services##Business Logic##Apache Directory,"The Apache Directory Project provides directory solutions entirely written in Java. These include a directory server, which has been certified as LDAP v3 compliant by the Open Group (ApacheDS), and Eclipse-based directory tools (Apache Directory Studio).","rgb(227, 36, 0)",2220
1367,4,Apache Drill,Services##Logic Services##Business Logic##Apache Drill,"Schema-free SQL Query Engine for Hadoop, NoSQL and Cloud Storage.","rgb(121, 26, 62)",2220
3725,4,Apache Druid,Services##Logic Services##Business Logic##Apache Druid,"A high performance, real-time analytics database that delivers sub-second queries on streaming and batch data at scale and under load.","rgb(77, 145, 179)",2220
329,4,Apache ECharts,Services##Logic Services##Business Logic##Apache ECharts,Open Source JavaScript Visualization Library,"rgb(255, 64, 19)",2220
1380,4,Apache Excalibur,Services##Logic Services##Business Logic##Apache Excalibur,"Our primary product is a lightweight, embeddable Inversion of Controlcontainer named Fortress that is written in java.","rgb(153, 41, 189)",2220
317,4,Apache FOP,Services##Logic Services##Business Logic##Apache FOP,Apache™ FOP (Formatting Objects Processor) is a print formatter driven by XSL formatting objects (XSL-FO) and an output independent formatter.,"rgb(181, 26, 0)",2220
286,4,Apache Felix,Services##Logic Services##Business Logic##Apache Felix,Apache Felix is a community effort to implement the OSGi Framework and Service platform and other interesting OSGi-related technologies under the Apache license.,"rgb(150, 211, 95)",2220
337,4,Apache Flex,User Interaction##Web Interaction##Web Presentation##Apache Flex,Build applications that target all browsers by leveraging the Adobe Flash Player and JavaScript.,"rgb(227, 36, 0)",2278
431,4,Apache Flink,Services##Logic Services##Business Logic##Apache Flink,Apache Flink is a framework and distributed processing engine for stateful computations over unbounded and bounded data streams.,"rgb(217, 80, 0)",2220
284,4,Apache Flume,Services##Application Services##Logging##Apache Flume,"Flume is a distributed, reliable, and available service for efficiently collecting, aggregating, and moving large amounts of log data.","rgb(181, 26, 0)",3066
334,4,Apache FreeMarker,User Interaction##Web Interaction##Web Presentation##Apache FreeMarker,"Apache FreeMarker is a template engine: a Java library to generate text output (HTML web pages, e-mails, configuration files, source code, etc.) based on templates and changing dat","rgb(55, 26, 148)",2278
283,4,Apache Geronimo,Services##Logic Services##Business Logic##Apache Geronimo,Apache Geronimo is an open source set of projects that are focus on providing JavaEE/JakartaEE libraries and Microprofile implementations.,"rgb(0, 97, 255)",2220
92,4,Apache Groovy,Services##Logic Services##Business Logic##Apache Groovy,"Apache Groovy is a powerful, optionally typed and dynamic language, with static-typing and static compilation capabilities.","rgb(227, 36, 0)",2220
113,4,Apache HBase,Data Services##Database Services##NoSQL Services##Apache HBase,"Apache HBase™ is the Hadoop database, a distributed, scalable, big data store.","rgb(227, 36, 0)",2261
432,4,Apache HTrace,Services##Logic Services##Business Logic##Apache HTrace,HTrace is a tracing framework intended for use with distributed systems written in java.,"rgb(255, 64, 19)",2220
281,4,Apache Hadoop,Services##Logic Services##Business Logic##Apache Hadoop,The Apache Hadoop software library is a framework that allows for the distributed processing of large data sets across clusters of computers using simple programming model.,"rgb(227, 36, 0)",2220
274,4,Apache Hive,Services##Logic Services##Business Logic##Apache Hive,"The Apache Hive ™ data warehouse software facilitates reading, writing, and managing large datasets residing in distributed storage using SQL","rgb(227, 36, 0)",2220
156,4,Apache HttpComponents,Services##Logic Services##Business Logic Communication##Apache HttpComponents,The Apache HttpComponents project is responsible for creating and maintaining a toolset of low level Java components focused on HTTP and associated protocols.,"rgb(227, 36, 0)",2221
339,4,Apache Ignite,Services##Logic Services##Business Logic##Apache Ignite,Distributed Database For High‑Performance Applications With In‑Memory Speed,"rgb(131, 17, 0)",2220
320,4,Apache JMeter,Services##Logic Services##Business Logic##Apache JMeter,"The Apache JMeter™ application is open source software, a 100% pure Java application designed to load test functional behavior and measure performance.","rgb(227, 36, 0)",2220
116,4,Apache Jackrabbit,Services##Logic Services##Business Logic##Apache Jackrabbit,"The Apache Jackrabbit™ content repository is a fully conforming implementation of the Content Repository for Java Technology API (JCR, specified in JSR 170 and JSR 283).","rgb(227, 36, 0)",2220
1363,4,Apache Jakarta Cactus,Services##Logic Services##Business Logic##Apache Jakarta Cactus,"Cactus is a simple test framework for unit testing server-side java code (Servlets, EJBs, Tag Libs, Filters, ...).","rgb(181, 26, 0)",2220
316,4,Apache Jakarta ORO,Services##Logic Services##Business Logic##Apache Jakarta ORO,The Jakarta-ORO Java classes are a set of text-processing Java classes that provide Perl5 compatible regular expressions.,"rgb(227, 36, 0)",2220
340,4,Apache James,Services##Logic Services##Business Logic##Apache James,Apache James is Java Apache Mail Enterprise Server!,"rgb(227, 36, 0)",2220
292,4,Apache Jena,Services##Logic Services##Business Logic##Apache Jena,A free and open source Java framework for building Semantic Web and Linked Data applications.,"rgb(227, 36, 0)",2220
321,4,Apache Johnzon,Services##Logic Services##Business Logic##Apache Johnzon,"Apache Johnzon is a project providing an implementation of JsonProcessing (aka JSR-353) and a set of useful extension for this specification like an Object mapper, some JAX-RS providers and a WebSocket module provides a basic integration with Java WebSocket API (JSR-356).","rgb(0, 199, 252)",2220
3337,4,Apache Kafka for .NET,System Interaction##Communication Services##Messaging Services##Apache Kafka for .NET,confluent-kafka-dotnet is Confluent's .NET client for Apache Kafka and the Confluent Platform.,"rgb(154, 36, 79)",2253
99,4,Apache Kafka for Java,System Interaction##Communication Services##Messaging Services##Apache Kafka for Java,"Apache Kafka is an open-source distributed event streaming platform used by thousands of companies for high-performance data pipelines, streaming analytics, data integration, and mission-critical applications.","rgb(68, 68, 68)",2253
103,4,Apache Karaf,Services##Logic Services##Business Logic##Apache Karaf,"Karaf provides modulith runtime for the enterprise, running on premise or on cloud.","rgb(227, 36, 0)",2220
360,4,Apache Kerby,Services##Logic Services##Business Logic##Apache Kerby,"Apache Kerby™ is a Java Kerberos binding. It provides a rich, intuitive and interoperable implementation, library, KDC and various facilities that integrates PKI, OTP and token (OAuth2) as desired in modern environments such as cloud, Hadoop and mobile.","rgb(255, 170, 0)",2220
322,4,Apache Kudu,Services##Logic Services##Business Logic##Apache Kudu,Apache Kudu is an open source distributed data storage engine that makes fast analytics on fast and changing data easy.,"rgb(0, 163, 215)",2220
177,4,Apache Logging for Java,Services##Logic Services##Business Logic##Apache Logging for Java,The Apache Logging Services Project creates and maintains open-source software related to the logging of application behavior and released at no charge to the public.,"rgb(181, 26, 0)",2220
3035,4,Apache Lucene,Data Services##Database Services##NoSQL Services##Apache Lucene,The Apache Lucene project develops open-source search software in Java/Python,"rgb(53, 148, 143)",2261
3170,4,Apache Lucene for .NET,Services##Logic Services##Data Access Services##Apache Lucene for .NET,Apache Lucene client libraries for .NET,"rgb(31, 152, 143)",2225
87,4,Apache Lucene for Java,Services##Logic Services##Business Logic##Apache Lucene for Java,"Lucene Core is a Java library providing powerful indexing and search features, as well as spellchecking, hit highlighting and advanced analysis/tokenization capabilities.","rgb(181, 26, 0)",2220
93,4,Apache MINA,Services##Logic Services##Business Logic##Apache MINA,Apache MINA is a network application framework which helps users develop high performance and high scalability network applications easily.,"rgb(181, 26, 0)",2220
1370,4,Apache MRUnit,Services##Logic Services##Business Logic##Apache MRUnit,Apache MRUnit ™ is a Java library that helps developers unit test Apache Hadoop map reduce jobs.,"rgb(0, 66, 170)",2220
293,4,Apache Mahout,Services##Logic Services##Business Logic##Apache Mahout,"Apache Mahout(TM) is a distributed linear algebra framework and mathematically expressive Scala DSL designed to let mathematicians, statisticians, and data scientists quickly implement their own algorithms.","rgb(0, 199, 252)",2220
121,4,Apache Maven,Services##Logic Services##Business Logic##Apache Maven,Apache Maven is a software project management and comprehension tool.,"rgb(227, 36, 0)",2220
294,4,Apache Mesos,Services##Logic Services##Business Logic##Apache Mesos,"Apache Mesos abstracts CPU, memory, storage, and other compute resources away from machines (physical or virtual), enabling fault-tolerant and elastic distributed systems to easily be built and run effectively.","rgb(0, 163, 215)",2220
1364,4,Apache MetaModel,Services##Logic Services##Business Logic##Apache MetaModel,"Providing a common interface for discovery, exploration of metadata and querying of different types of data sources.","rgb(121, 26, 62)",2220
130,4,Apache MyFaces,User Interaction##Web Interaction##Web Presentation##Apache MyFaces,"Apache MyFaces is a project of the Apache Software Foundation, and hosts several sub-projects relating to the JavaServer™ Faces (JSF) technology.","rgb(102, 156, 53)",2278
143,4,Apache Neethi,Services##Logic Services##Business Logic##Apache Neethi,Apache Neethi™ provides general framework for the programmers to use WS Policy.,"rgb(181, 26, 0)",2220
1365,4,Apache NiFi,Services##Logic Services##Business Logic##Apache NiFi,"Apache NiFi supports powerful and scalable directed graphs of data routing, transformation, and system mediation logic.","rgb(85, 61, 0)",2220
296,4,Apache Nutch,Services##Logic Services##Business Logic##Apache Nutch,"Nutch is a highly extensible, highly scalable, matured, production-ready Web crawler which enables fine grained configuration and accomodates a wide variety of data acquisition tasks.","rgb(181, 26, 0)",2220
433,4,Apache ODE,Services##Logic Services##Business Logic##Apache ODE,Apache ODE (Orchestration Director Engine) software executes business processes written following the WS-BPEL standard.,"rgb(0, 66, 170)",2220
351,4,Apache ORC,Services##Logic Services##Business Logic##Apache ORC,ORC is a self-describing type-aware columnar file format designed for Hadoop workloads,"rgb(119, 187, 65)",2220
434,4,Apache Olingo,Services##Logic Services##Business Logic##Apache Olingo,Apache Olingo is a Java library that implements the Open Data Protocol (OData).,"rgb(255, 106, 0)",2220
352,4,Apache Oltu,Services##Application Services##Authentication Services##Apache Oltu,"Apache Oltu is an OAuth protocol implementation in Java. It also covers others ""OAuth family"" related implementations such as JWT, JWS and OpenID Connect.","rgb(181, 26, 0)",3056
298,4,Apache Oozie,Services##Logic Services##Business Logic##Apache Oozie,Oozie is a workflow scheduler system to manage Apache Hadoop jobs.,"rgb(181, 26, 0)",2220
531,4,Apache OpenEJB,Services##Logic Services##Business Logic##Apache OpenEJB,OpenEJB implementation for Apache TomEE,"rgb(181, 26, 0)",2220
172,4,Apache OpenJPA,Services##Logic Services##Data Access Services##Apache OpenJPA,"Apache OpenJPA is a Java persistence project at The Apache Software Foundation that can be used as a stand-alone POJO persistence layer or integrated into any Java EE compliant container and many other lightweight frameworks, such as Tomcat and Spring.","rgb(181, 26, 0)",2225
291,4,Apache OpenNLP,Services##Logic Services##Business Logic##Apache OpenNLP,The Apache OpenNLP library is a machine learning based toolkit for the processing of natural language text.,"rgb(181, 26, 0)",2220
540,4,Apache OpenWebBeans,Services##Logic Services##Business Logic##Apache OpenWebBeans,"Apache OpenWebBeans delivers an implementation of the Contexts and Dependency injection for Java EE (CDI) 2.0 Specification (JSR-365).
OpenWebBeans is TCK compliant and the latest version works on Java SE 8 or later.","rgb(0, 140, 180)",2220
79,4,Apache PDFBox,Services##Output Services##Reporting Services##Apache PDFBox,The Apache PDFBox® library is an open source Java tool for working with PDF documents.,"rgb(227, 36, 0)",2264
134,4,Apache POI,Services##Output Services##Reporting Services##Apache POI,Apache POI - the Java API for Microsoft Documents,"rgb(227, 36, 0)",2264
354,4,Apache Parquet,Data Services##Database Services##NoSQL Services##Apache Parquet,"Apache Parquet is an open source, column-oriented data file format designed for efficient data storage and retrieval.","rgb(227, 36, 0)",2261
3448,4,Apache Parquet for .NET,Services##Logic Services##Business Logic##Apache Parquet for .NET,"Fully managed, safe, extremely fast .NET library to 📖read and ✍️write Apache Parquet files designed for .NET world (not a wrapper).","rgb(0, 140, 180)",2220
299,4,Apache Pig,Services##Logic Services##Business Logic##Apache Pig,"Apache Pig is a platform for analyzing large data sets that consists of a high-level language for expressing data analysis programs, coupled with infrastructure for evaluating these programs.","rgb(227, 36, 0)",2220
3014,4,Apache Pulsar for Java,Services##Logic Services##Business Logic##Apache Pulsar for Java,"Java client SDK for Apache® Pulsar™ is an open-source, distributed messaging and streaming platform built for the cloud.","rgb(0, 109, 143)",2220
302,4,Apache Qpid,System Interaction##Communication Services##Messaging Services##Apache Qpid,Apache Qpid™ makes messaging tools that speak AMQP and support many languages and platforms.,"rgb(227, 36, 0)",2253
1361,4,Apache Ranger,Services##Application Services##Monitoring Alerting##Apache Ranger,"Apache Ranger™ is a framework to enable, monitor and manage comprehensive data security across the Hadoop ecosystem.","rgb(181, 26, 0)",3060
1362,4,Apache Ratis,Services##Logic Services##Business Logic##Apache Ratis,Apache Ratis is a highly customizable Raft protocol implementation in Java.,"rgb(120, 87, 0)",2220
315,4,Apache RocketMQ,System Interaction##Communication Services##Messaging Services##Apache RocketMQ,"A cloud-native ""messaging, eventing, streaming"" real-time data processing platform, covering cloud-edge-device collaboration scenarios.","rgb(255, 134, 71)",2253
361,4,Apache SIS,Services##Logic Services##Business Logic##Apache SIS,"Apache Spatial Information System (SIS) is a free software, Java language library for developing geospatial applications","rgb(0, 46, 122)",2220
304,4,Apache Samza,Services##Logic Services##Business Logic##Apache Samza,A distributed stream processing framework,"rgb(227, 36, 0)",2220
101,4,Apache Santuario for Java,Services##Logic Services##Business Logic##Apache Santuario for Java,"Apache XML Security for Java: This library includes the standard JSR-105 (Java XML Digital Signature) API,  a mature DOM-based implementation of both XML Signature and XML Encryption, as well as a more recent StAX-based (streaming) XML Signature and XML Encryption implementation.","rgb(227, 36, 0)",2220
359,4,Apache ServiceMix,Services##Logic Services##Business Logic##Apache ServiceMix,"Apache ServiceMix is a flexible, open-source integration container that unifies the features and functionality of Apache ActiveMQ, Camel, CXF, and Karaf into a powerful runtime platform you can use to build your own integrations solutions.","rgb(0, 140, 180)",2220
373,4,Apache Shale,User Interaction##Web Interaction##Web Presentation##Apache Shale,"Shale is a modern web application framework, fundamentally based on JavaServer Faces.","rgb(102, 156, 53)",2278
1368,4,Apache Shindig,Services##Logic Services##Business Logic##Apache Shindig,Apache Shindig's goal is to allow new sites to start hosting social apps in under an hour's worth of work,"rgb(181, 26, 0)",2220
171,4,Apache Shiro,Services##Logic Services##Business Logic##Apache Shiro,"Apache Shiro™ is a powerful and easy-to-use Java security framework that performs authentication, authorization, cryptography, and session management.","rgb(227, 36, 0)",2220
305,4,Apache Sling,Services##Logic Services##Business Logic##Apache Sling,"Apache Sling™ is a framework for RESTful web-applications based on an extensible content tree.
","rgb(227, 36, 0)",2220
3032,4,Apache Solr,Data Services##Database Services##NoSQL Services##Apache Solr,"Solr is highly reliable, scalable and fault tolerant, providing distributed indexing, replication and load-balanced querying, automated failover and recovery, centralized configuration and more.","rgb(229, 29, 29)",2261
111,4,Apache Solr for Java,Services##Logic Services##Business Logic##Apache Solr for Java,"Solr is the popular, blazing-fast, open source enterprise search platform built on Apache Lucene™.","rgb(227, 36, 0)",2220
306,4,Apache Spark for Java,Services##Logic Services##Data Access Services##Apache Spark for Java,"Apache Spark is a multi-language engine for executing data engineering, data science, and machine learning on single-node machines or clusters.","rgb(217, 80, 0)",2225
3055,4,Apache Spark for Python,Services##Logic Services##Business Logic##Apache Spark for Python,All Apache Spark client libraries using Python,"rgb(227, 36, 0)",2220
1371,4,Apache Sqoop,Services##Logic Services##Business Logic##Apache Sqoop,Apache Sqoop(TM) is a tool designed for efficiently transferring bulk data between Apache Hadoop and structured datastores such as relational databases.,"rgb(121, 26, 62)",2220
307,4,Apache Storm,Services##Logic Services##Business Logic##Apache Storm,Apache Storm is a free and open source distributed realtime computation system.,"rgb(0, 86, 214)",2220
1372,4,Apache Stratos,Services##Logic Services##Business Logic##Apache Stratos,"Apache Stratos is a highly-extensible Platform-as-a-Service (PaaS) framework that helps run Apache Tomcat, PHP, and MySQL applications and can be extended to support many more environments on all major cloud infrastructures.","rgb(121, 26, 62)",2220
80,4,Apache Struts,Services##Logic Services##Business Logic Communication##Apache Struts,"Apache Struts is a free, open-source, MVC framework for creating elegant, modern Java web applications. It favors convention over configuration, is extensible using a plugin architecture, and ships with plugins to support REST, AJAX and JSON.","rgb(0, 77, 101)",2221
81,4,Apache Synapse,Services##Logic Services##Business Logic##Apache Synapse,Apache Synapse is a lightweight and high-performance Enterprise Service Bus (ESB).,"rgb(0, 86, 214)",2220
308,4,Apache Tapestry,Services##Logic Services##Business Logic##Apache Tapestry,A component-oriented framework for creating highly scalable web applications in Java.,"rgb(102, 156, 53)",2220
90,4,Apache Thrift,Services##Logic Services##Business Logic##Apache Thrift,"The Apache Thrift software framework, for scalable cross-language services development, combines a software stack with a code generation engine to build services that work efficiently and seamlessly between C++, Java, Python, PHP, Ruby, Erlang, Perl, Haskell, C#, Cocoa, JavaScript, Node.js, Smalltalk, OCaml and Delphi and other languages.","rgb(227, 36, 0)",2220
314,4,Apache Tika,Services##Logic Services##Business Logic##Apache Tika,Apache Tika - a content analysis toolkit.,"rgb(227, 36, 0)",2220
141,4,Apache Tiles,User Interaction##Web Interaction##Web Presentation##Apache Tiles,"Retired project, was a free open-sourced templating framework for modern Java applications.","rgb(227, 36, 0)",2278
151,4,Apache Tomcat,Services##Logic Services##Business Logic##Apache Tomcat,"The Apache Tomcat® software is an open source implementation of the Jakarta Servlet, Jakarta Server Pages, Jakarta Expression Language, Jakarta WebSocket, Jakarta Annotations and Jakarta Authentication specifications.","rgb(210, 157, 0)",2220
318,4,Apache Turbine,Services##Logic Services##Business Logic##Apache Turbine,Apache Turbine™ is a servlet based framework that allows experienced Java developers to quickly build web applications.,"rgb(217, 80, 0)",2220
355,4,Apache Tuscany,Services##Logic Services##Business Logic##Apache Tuscany,Apache Tuscany simplifies the task of developing SOA solutions by providing a comprehensive infrastructure for SOA development and management that is based on Service Component Architecture (SCA) standard.,"rgb(255, 64, 19)",2220
319,4,Apache UIMA,Services##Logic Services##Business Logic##Apache UIMA,Unstructured Information Management applications are software systems that analyze large volumes of unstructured information in order to discover knowledge that is relevant to an end user.,"rgb(181, 26, 0)",2220
102,4,Apache Velocity,User Interaction##Web Interaction##Web Presentation##Apache Velocity,Velocity is a Java-based template engine. It permits anyone to use a simple yet powerful template language to reference objects defined in Java code.,"rgb(181, 26, 0)",2278
163,4,Apache WSS4J,Services##Logic Services##Business Logic##Apache WSS4J,"The Apache WSS4J™ project provides a Java implementation of the primary security standards for Web Services, namely the OASIS Web Services Security (WS-Security) specifications from the OASIS Web Services Security TC.","rgb(181, 26, 0)",2220
159,4,Apache Web Services,Services##Logic Services##Business Logic##Apache Web Services,The Apache Web Services project is the home of a number of Web services related projects.,"rgb(181, 26, 0)",2220
160,4,Apache Wicket,User Interaction##Web Interaction##Web Presentation##Apache Wicket,"Wicket is an open source, component oriented, serverside, Java web application framework.","rgb(181, 26, 0)",2278
312,4,Apache Wink,Services##Logic Services##Business Logic##Apache Wink,Apache Wink is a retired open source framework that enables development and consumption of REST style web services.,"rgb(181, 26, 0)",2220
138,4,Apache Woden,Services##Logic Services##Business Logic##Apache Woden,"The Apache Woden™ library is developed as a subproject of the Apache Web Services Project and provides a Java API for reading, manipulating, creating and writing WSDL documents, initially to support WSDL 2.0 but with the longer term aim of supporting past, present and future versions of WSDL.","rgb(181, 26, 0)",2220
91,4,Apache XML,Services##Logic Services##Business Logic##Apache XML,"The Apache XML Project used to be the home for many XML-related subprojects, many of which have moved to top-level project status recently or are currently in migration.","rgb(181, 26, 0)",2220
86,4,Apache XML Graphics,Services##Logic Services##Business Logic##Apache XML Graphics,The Apache XML Graphics Project is responsible for software licensed to the Apache Software Foundation intended for the creation & maintenance of: the conversion of XML formats to graphical output related software components.,"rgb(181, 26, 0)",2220
174,4,Apache XMLBeans,Services##Logic Services##Business Logic##Apache XMLBeans,XMLBeans is a technology for accessing XML by binding it to Java types.,"rgb(181, 26, 0)",2220
441,4,Apache Xalan,Services##Logic Services##Business Logic##Apache Xalan,The Apache Xalan Project develops and maintains libraries and programs that transform XML documents using XSLT standard stylesheets.,"rgb(181, 26, 0)",2220
439,4,Apache Xerces,Services##Logic Services##Business Logic##Apache Xerces,"Apache Xerces Java is a library for parsing, validating and manipulating XML documents.","rgb(181, 26, 0)",2220
136,4,Apache XmlSchema,Services##Logic Services##Business Logic##Apache XmlSchema,XMLSchema is a lightweight Java object model that can be used to manipulate and generate XML schema representations.,"rgb(181, 26, 0)",2220
362,4,Apache Yetus,Services##Logic Services##Business Logic##Apache Yetus,Collection of libraries and tools that enable contribution and release processes for software projects.,"rgb(0, 109, 143)",2220
1369,4,Apache Zeppelin,Services##Logic Services##Business Logic##Apache Zeppelin,"Web-based notebook that enables data-driven, interactive data analytics and collaborative documents with SQL, Scala, Python, R and more.","rgb(0, 140, 180)",2220
109,4,Apache Zookeeper for Java,Services##Logic Services##Business Logic##Apache Zookeeper for Java,"Apache ZooKeeper is a centralized service for maintaining configuration information, naming, providing distributed synchronization, and providing group services.","rgb(181, 26, 0)",2220
338,4,Apache iBatis,Services##Logic Services##Business Logic##Apache iBatis,"Apache ibatis is retired at the apache software foundation (2010/06/16)

the original project team has moved to mybatis hosted at google code. see http://www.mybatis.org/ for more.","rgb(68, 68, 68)",2220
1366,4,Apache jclouds,Services##Logic Services##Business Logic##Apache jclouds,Apache jclouds® is an open source multi-cloud toolkit for the Java platform that gives you the freedom to create applications that are portable across clouds while giving you full control to use cloud-specific features.,"rgb(181, 26, 0)",2220
3091,4,Apache log4net,Services##Logic Services##Business Logic##Apache log4net,The Apache log4net library is a tool to help the programmer output log statements to a variety of output targets. log4net is a port of the excellent Apache log4j™ framework to the Microsoft® .NET runtime. We have kept the framework similar in spirit to the original log4j while taking advantage of new features in the .NET runtime. For more information on log4net see the features document.,"rgb(97, 23, 124)",2220
2979,4,Apigee for Java,Services##Application Services##API Management##Apigee for Java,All Apigee libraries for Java,"rgb(173, 62, 0)",3064
230,4,Apollo GraphQL Server,Data Services##Database Services##NoSQL Services##Apollo GraphQL Server,string,"rgb(255, 64, 255)",2261
3262,4,ApplicationBlocks Data,Services##Logic Services##Data Access Services##ApplicationBlocks Data,,"rgb(154, 36, 79)",2225
3177,4,ApplicationInsights,Services##Logic Services##Business Logic##ApplicationInsights,.NET SDK for sending data to Azure Monitor & Application Insights.,"rgb(0, 86, 214)",2220
3893,4,Argon2,Services##Logic Services##Business Logic##Argon2,"Argon2 is a highly secure password hashing algorithm, recommended by security experts for password storage and authentication.

Python provides Argon2 through the argon2-cffi package.","rgb(42, 187, 157)",2220
104,4,Arquillian,Services##Logic Services##Business Logic##Arquillian,"Arquillian is an innovative and highly extensible testing platform for the JVM that enables developers to easily create automated integration, functional and acceptance tests for Java middleware.","rgb(77, 34, 179)",2220
420,4,AspectJ,Services##Logic Services##Business Logic##AspectJ,"AspectJ a seamless aspect-oriented extension to the Javatm programming language, Java platform compatible easy to learn and use.","rgb(44, 19, 118)",2220
59,4,Aspose for .NET,Services##Logic Services##Business Logic##Aspose for .NET,"Aspose.Total  for .NET
.NET File Format Manipulation APIs","rgb(119, 187, 65)",2220
3292,4,Assembler Macro,Services##Logic Services##Business Logic##Assembler Macro,Macros are used to make programs written in assembly code modular and concise. Macros are very similar to procedures but follow a different syntax and accept parameters. Macros are very similar to functions that are available in most high-level programming languages.,"rgb(200, 22, 0)",2220
471,4,AssertJ,Services##Logic Services##Business Logic##AssertJ,"AssertJ is a Java library that provides a rich set of assertions and truly helpful error messages, improves test code readability, and is designed to be super easy to use within your favorite IDE.","rgb(213, 132, 0)",2220
427,4,Atlassian for Java,Services##Logic Services##Business Logic##Atlassian for Java,Atlassian SDKs for Java,"rgb(0, 140, 180)",2220
424,4,Atomikos,Services##Logic Services##Business Logic##Atomikos,"Transactions without Appserver, for software development teams who need transactions for their self-contained cloud-native applications, we offer a lean, light-weight transaction management library.","rgb(213, 132, 0)",2220
615,4,Auth0 for JS-TS,Services##Application Services##Authentication Services##Auth0 for JS-TS,Auth0 identity platform to sophisticated authentication and authorization to your applications.,"rgb(227, 36, 0)",3056
3490,4,Authy for JS-TS,Services##Logic Services##Business Logic##Authy for JS-TS,Enable 2FA for your favorite sites.,"rgb(154, 36, 79)",2220
3173,4,AutoFixture,Services##Logic Services##Business Logic##AutoFixture,AutoFixture is an open source library for .NET designed to minimize the 'Arrange' phase of your unit tests in order to maximize maintainability.,"rgb(79, 122, 40)",2220
36,4,Autofac,Services##Logic Services##Business Logic##Autofac,"Autofac is an advanced Inversion of Control (IoC) container for .NET applications that simplifies dependency injection, enabling developers to manage the lifetime and dependencies of their objects more efficiently.","rgb(0, 249, 0)",2220
71,4,Automapper,Services##Logic Services##Business Logic##Automapper,A convention-based object-object mapper.,"rgb(227, 36, 0)",2220
478,4,Axios,User Interaction##Web Interaction##Web Communication##Axios,Axios is a simple promise based HTTP client for the browser and node.js.,"rgb(0, 86, 214)",2275
3983,4,Axway Transfer CFT utility,Services##Logic Services##Business Logic Communication##Axway Transfer CFT utility,"Transfer CFT is an Axway managed file transfer application providing a multi-platform, high-volume file transfer service","rgb(5, 128, 33)",2221
1942,4,Azure Blob,Data Services##Data File Services##File Storage##Azure Blob,"Azure Blob Storage is a scalable, object storage solution provided by Microsoft Azure.","rgb(57, 164, 231)",2232
3735,4,Azure Blob for .NET,Data Services##Data File Services##File Storage##Azure Blob for .NET,"Azure Blob Storage for .NET allows developers to store, manage, and access unstructured data (like files, images, and videos) in the cloud using the Azure.Storage.Blobs SDK.","rgb(45, 130, 210)",2232
3736,4,Azure Blob for Java,Data Services##Data File Services##File Storage##Azure Blob for Java,"Azure Blob Storage for Java enables developers to store, manage, and access unstructured data in the cloud using the Azure Storage Blob client library for Java.","rgb(0, 140, 180)",2232
1943,4,Azure Cosmos DB,Data Services##Database Services##NoSQL Services##Azure Cosmos DB,Azure Cosmos DB,"rgb(16, 65, 223)",2261
3733,4,Azure Cosmos DB for Java,Services##Logic Services##Data Access Services##Azure Cosmos DB for Java,This repository is for active development of the Azure Cosmos DB SDK for Java,"rgb(0, 140, 180)",2225
1944,4,Azure Event Hub,System Interaction##Communication Services##Messaging Services##Azure Event Hub,Azure Event Hubs is a big data streaming platform and event ingestion service provided by Microsoft Azure.,"rgb(12, 182, 20)",2253
1945,4,Azure Function,Services##Logic Services##Business Logic##Azure Function,Azure Function,"rgb(10, 120, 241)",2220
3742,4,Azure Function for .NET,Services##Logic Services##Business Logic##Azure Function for .NET,"An Azure Function for .NET is a serverless compute service that allows to run event-driven, scalable, and lightweight code in response to various triggers (like HTTP requests, timers, or messages) without managing the underlying infrastructure.","rgb(45, 130, 210)",2220
1946,4,Azure HttpTrigger,System Interaction##Communication Services##Exposed API##Azure HttpTrigger,Azure HttpTrigger,"rgb(53, 185, 217)",2231
73,4,Azure SDK for .NET,Services##Logic Services##Business Logic##Azure SDK for .NET,This repository is for active development of the Azure SDK for .NET,"rgb(0, 109, 143)",2220
20,4,Azure SDK for JS-TS,Services##Logic Services##Business Logic##Azure SDK for JS-TS,This repository is for active development of the Azure SDK for Javascript and Typescript,"rgb(0, 163, 215)",2220
84,4,Azure SDK for Java,Services##Logic Services##Business Logic##Azure SDK for Java,This repository is for active development of the Azure SDK for Java,"rgb(0, 140, 180)",2220
1790,4,Azure SDK for Python,Services##Logic Services##Business Logic##Azure SDK for Python,This repository is for active development of the Azure SDK for Python,"rgb(0, 163, 215)",2220
1947,4,Azure Service Bus,System Interaction##Communication Services##Messaging Services##Azure Service Bus,"Azure Service Bus is a fully managed enterprise integration message broker provided by Microsoft's cloud platform, Azure.","rgb(37, 172, 186)",2253
1948,4,Azure WebJobs,Services##Logic Services##Business Logic##Azure WebJobs,Azure WebJobs,"rgb(10, 120, 241)",2220
3741,4,Azure WebJobs  for .NET,Services##Logic Services##Business Logic##Azure WebJobs  for .NET,"Azure WebJobs for .NET is a service that enables running background tasks, scheduled jobs, and event-driven functions in Azure, triggered by various events like queues, blobs, or timers, without managing the infrastructure.","rgb(45, 130, 210)",2220
188,4,BMC Utility,Services##Logic Services##Business Logic##BMC Utility,BMC Utility,"rgb(235, 127, 9)",2220
26,4,Babel,Services##Logic Services##Business Logic##Babel,Babel is a JavaScript compiler.,"rgb(213, 132, 0)",2220
481,4,Backbone.js,User Interaction##Web Interaction##Web Communication##Backbone.js,"Backbone.js gives structure to web applications by providing models with key-value binding and custom events, collections with a rich API of enumerable functions, views with declarative event handling, and connects it all to your existing API over a RESTful JSON interface.","rgb(0, 86, 214)",2275
3415,4,Backstage for JS-TS,Services##Logic Services##Business Logic##Backstage for JS-TS,An open source framework for building developer portals,"rgb(0, 253, 255)",2220
3501,4,BeanIO,Services##Logic Services##Business Logic##BeanIO,"BeanIO is an open source Java framework for marshalling and unmarshalling Java beans from a flat file, stream, or simple String object.","rgb(124, 42, 0)",2220
3483,4,Blazor,User Interaction##Web Interaction##Web Presentation##Blazor,Blazor is a free and open-source web framework developed by Microsoft that allows developers to build interactive web user interfaces using C# and .NET instead of JavaScript.,"rgb(181, 26, 0)",2278
3484,4,Blueprint,Services##Logic Services##Business Logic##Blueprint,A React-based UI toolkit for the web,"rgb(0, 66, 170)",2220
2913,4,Boost,Services##Logic Services##Business Logic##Boost,Boost provides free peer-reviewed portable C++ source libraries.,"rgb(123, 33, 159)",2220
500,4,Bootstrap,User Interaction##Web Interaction##Web Presentation##Bootstrap,"Powerful, extensible, and feature-packed frontend toolkit. Build and customize with Sass.","rgb(123, 33, 159)",2278
3902,4,Bottle,Services##Logic Services##Business Logic##Bottle,"Bottle is a fast, simple and lightweight WSGI micro web-framework for Python.","rgb(42, 187, 157)",2220
421,4,Bouncy Castle for Java,Services##Logic Services##Business Logic##Bouncy Castle for Java,"The Bouncy Castle Crypto APIs for Java consist of the following:

A lightweight cryptography API.
A provider for the Java Cryptography Extension (JCE) and the Java Cryptography Architecture (JCA).
A provider for the Java Secure Socket Extension (JSSE).","rgb(213, 132, 0)",2220
3416,4,Braintree for JS-TS,Services##Logic Services##Business Logic##Braintree for JS-TS,All Braintree for Javascript/Typescript,"rgb(0, 46, 122)",2220
153,4,Braintree for Java,Services##Logic Services##Business Logic##Braintree for Java,Braintree Java library,"rgb(0, 46, 122)",2220
3295,4,Broadcom Utility,Services##Logic Services##Business Logic##Broadcom Utility,Broadcom Utility,"rgb(200, 52, 70)",2220
1816,4,Browserify,Services##Logic Services##Business Logic##Browserify,Browserify lets you require('modules') in the browser by bundling up all of your dependencies.,"rgb(0, 109, 143)",2220
3417,4,BugSnag for JS-TS,Services##Logic Services##Business Logic##BugSnag for JS-TS,Automatically detect JavaScript errors on your website and optimize website performance by monitoring real user experiences in real time.,"rgb(55, 26, 148)",2220
3098,4,BugSnag for Java,Services##Application Services##Monitoring Alerting##BugSnag for Java,Our developer-first observability platform delivers real-time data to improve app performance and help you balance roadmap agility with application stability.,"rgb(173, 62, 0)",3060
4108,4,BullMQ,Services##Logic Services##Business Logic##BullMQ,"BullMQ is a lightweight, robust, and fast NodeJS library for creating background jobs and sending messages using queues.","rgb(68, 68, 68)",2220
597,4,Bytedeco,Services##Logic Services##Business Logic##Bytedeco,"Bytedeco makes native libraries available to the Java platform by offering ready-to-use bindings generated with the codeveloped JavaCPP technology. This, we hope, is the missing bridge between Java and C/C++, bringing compute-intensive science, multimedia, computer vision, deep learning, etc to the Java platform.","rgb(154, 36, 79)",2220
3288,4,CA Dispatch Utility,Services##Logic Services##Business Logic##CA Dispatch Utility,"CA Dispatch Output Management is an online, interactive report distribution
management system designed to reduce paper consumption and increase efficiency of report distribution. CA Dispatch supports a comprehensive online viewing facility that eliminates the need to print reports altogether.","rgb(200, 52, 70)",2220
3317,4,CA Dynam Utility,Services##Logic Services##Business Logic##CA Dynam Utility,"The CA Dynam for VSE software system is designed to provide a
comprehensive file management facility for the data center using all releases
of VSE currently supported by IBM.","rgb(50, 120, 70)",2220
459,4,CA Easytrieve Utility,Services##Logic Services##Business Logic##CA Easytrieve Utility,CA Easytrieve utility,"rgb(50, 120, 70)",2220
455,4,CA Endevor utility,Services##Logic Services##Business Logic##CA Endevor utility,CA Endevor utility,"rgb(50, 120, 70)",2220
458,4,CA JCLCheck Utility,Services##Logic Services##Business Logic##CA JCLCheck Utility,CA JCLCheck Utility,"rgb(50, 120, 70)",2220
457,4,CA Libarian Utility,Services##Logic Services##Business Logic##CA Libarian Utility,CA Libarian utility,"rgb(227, 22, 70)",2220
3124,4,CA View,Services##Logic Services##Business Logic##CA View,"CA View performs the following main functions:
■ Stores (archives) job SYSOUT and reports based on user specifications
■ Retrieves archived output, making it available for online viewing, printing on
multiple printers, or manipulation with assorted utilities and facilities","rgb(227, 22, 70)",2220
208,4,CA-11 Scheduler Utility,Services##Logic Services##Business Logic##CA-11 Scheduler Utility,"CA-11 Scheduler


https://www.zmainframes.com/viewtopic.php?t=1008","rgb(181, 26, 0)",2220
264,4,CA-7 Scheduler Utility,Services##Logic Services##Business Logic##CA-7 Scheduler Utility,CA-7 Scheduler,"rgb(227, 22, 70)",2220
197,4,CA-ACF2 Utility,Services##Logic Services##Business Logic##CA-ACF2 Utility,CA-ACF2 Utility,"rgb(13, 118, 213)",2220
3121,4,CA-Panvalet Utility,Services##Logic Services##Business Logic##CA-Panvalet Utility,"Computer Associates Panvalet (also known as CA-Panvalet) is a revision control and source code management system originally developed by Pansophic Systems for mainframe computers[1] such as the IBM System z and IBM System/370 running the z/OS and z/VSE operating systems.[2]

CA-PAN/LCM is a similar product for PCs.[1]","rgb(227, 22, 70)",2220
3315,4,CA1 Flexible Storage Utility,Services##Logic Services##Business Logic##CA1 Flexible Storage Utility,"CA 1™ Flexible Storage™ is a modern approach to storage management
that provides secure, cost-effective mainframe data storage options for
hybrid IT environments. The solution is designed to simplify and unify
storage management strategies and protect z/OS tape data set volumes.","rgb(200, 52, 70)",2220
3316,4,CA1 Tape Management,Services##Logic Services##Business Logic##CA1 Tape Management,"CA 1® is designed to simplify and unify the management and protection
of z/OS tape data sets and volumes","rgb(200, 52, 70)",2220
3,4,CFamily,Services##Logic Services##Business Logic##CFamily,C/C++ Family,"rgb(156, 1, 58)",2220
1954,4,CICS Data Storage,Data Services##Data File Services##Local Persistence##CICS Data Storage,CICS's data storage technologies provide a robust framework for handling large volumes of transactional data.,"rgb(89, 10, 176)",2126
194,4,CICS EzSocket TCP/IP Utility,Services##Logic Services##Business Logic Communication##CICS EzSocket TCP/IP Utility,CICS EzSOKET TCP/IP Utility,"rgb(13, 118, 213)",2221
389,4,CICS Messaging Utility,System Interaction##Communication Services##Messaging Services##CICS Messaging Utility,All CICS utilities used for messaging,"rgb(101, 41, 198)",2253
3309,4,CICS SOAP Webservice,Services##Logic Services##Business Logic Communication##CICS SOAP Webservice,"You can expose existing CICS applications as SOAP web services and create CICS applications to act
as SOAP web service providers or web service requesters","rgb(3, 48, 176)",2221
200,4,CICS Utility,Services##Logic Services##Business Logic##CICS Utility,CICS Utility,"rgb(101, 41, 198)",2220
192,4,CICS Web Services Utility,System Interaction##Communication Services##Exposed API##CICS Web Services Utility,CICS Web Services Utility,"rgb(101, 41, 198)",2231
600,4,CKEditor,Services##Logic Services##Business Logic##CKEditor,"CKEditor allows users to create any type of content in your application, be it documents, reports, emails, notes or chat messages.","rgb(153, 41, 189)",2220
446,4,CORBA,Services##Logic Services##Business Logic##CORBA,The CORBA (Common Object Request Broker Architecture) model is based on clients requesting services from distributed objects or servers through a well-defined interface by issuing requests to the objects in the form of remote method requests,"rgb(227, 36, 0)",2220
493,4,CSS Database,Services##Logic Services##Business Logic##CSS Database,cssdb is a comprehensive list of CSS features and their positions in the process of becoming implemented web standards.,"rgb(79, 122, 40)",2220
210,4,CTG (CICS Transaction Gateway) Utility,Services##Logic Services##Business Logic Communication##CTG (CICS Transaction Gateway) Utility,CTG (CICS Transaction Gateway) Utility,"rgb(13, 118, 213)",2221
4053,4,Caching library for Python,Services##Logic Services##Business Logic##Caching library for Python,"A caching library for Python provides tools to temporarily store and retrieve data in memory (or on disk) to avoid repeated computation, API calls, or database queries","rgb(202, 28, 28)",2220
3464,4,Camunda,Services##Logic Services##Business Logic##Camunda,"Automation value at scale.
Your processes, orchestrated end-to-end.","rgb(97, 23, 124)",2220
3485,4,Capacitor,Services##Logic Services##Business Logic##Capacitor,"Capacitor is an open source native runtime for building Web Native apps. Create cross-platform iOS, Android, and Progressive Web Apps with JavaScript, HTML, and CSS.","rgb(0, 109, 143)",2220
4077,4,Celery,System Interaction##Communication Services##Messaging Services##Celery,"Celery is a powerful, production-ready, asynchronous task queue based on distributed message passing. It's used to run background tasks (like sending emails, processing images, etc.) outside of your web request/response cycle.","rgb(0, 140, 180)",2253
1398,4,Cglib,Services##Logic Services##Business Logic##Cglib,High level API to generate and transform Java byte code.,"rgb(0, 109, 143)",2220
492,4,Chai,Services##Logic Services##Business Logic##Chai,Chai is a BDD / TDD assertion library for node and the browser that can be delightfully paired with any javascript testing framework.,"rgb(173, 62, 0)",2220
596,4,Chakra,User Interaction##Web Interaction##Web Presentation##Chakra,"Simple, Modular & Accessible UI Components for your React Applications","rgb(0, 185, 52)",2278
3099,4,Citrus Integration Testing,Services##Logic Services##Business Logic##Citrus Integration Testing,"Framework for automated integration tests supporting a wide range of message protocols and data formats!
Kafka, Http REST, JMS, TCP/IP, SOAP, FTP/SFTP, SSH, XML, Json and much more!","rgb(169, 104, 0)",2220
3131,4,Classic ASP,User Interaction##Web Interaction##Web Presentation##Classic ASP,"Classic ASP (Active Server Pages) is a server-side scripting environment that enables the creation of dynamic, interactive web pages by embedding scripts written in VBScript or JScript within HTML code","rgb(0, 109, 143)",2278
265,4,Co:Z SFTP Utility,Services##Logic Services##Business Logic Communication##Co:Z SFTP Utility,Co:Z SFTP Utility,"rgb(102, 156, 53)",2221
1965,4,Cobol Business Logic,Services##Logic Services##Business Logic##Cobol Business Logic,Cobol Business Logic,"rgb(176, 48, 96)",2220
1967,4,Cobol Data File Access,Services##Logic Services##Data Access Services##Cobol Data File Access,Cobol Data File Access,"rgb(89, 10, 176)",2225
3102,4,Codahale,Services##Logic Services##Business Logic##Codahale,Codahale Metrics (now known as Dropwizard Metrics) is a powerful metrics library for the Java ecosystem,"rgb(44, 19, 118)",2220
536,4,CodeHaus Cargo,Services##Logic Services##Business Logic##CodeHaus Cargo,"Cargo is a thin wrapper that allows you to manipulate various type of application containers (J2EE, Java EE, Jakarta EE and others) in a standard way.","rgb(111, 118, 8)",2220
476,4,CodeHaus Castor,Services##Logic Services##Business Logic##CodeHaus Castor,"Castor is an open source data binding framework for Java[tm]. It provides direct, short paths between Java objects and XML documents. Castor essentially provides Java-to-XML binding and more.","rgb(217, 8, 8)",2220
126,4,CodeHaus Jackson,Services##Logic Services##Business Logic##CodeHaus Jackson,CodeHaus Jackson,"rgb(0, 77, 101)",2220
475,4,CodeHaus Plexus,Services##Logic Services##Business Logic##CodeHaus Plexus,"The Plexus project provides a number of pre-built components for common tasks and toolkits such as Jetty, Velocity, Hibernate, i18n, and many more.","rgb(123, 8, 217)",2220
560,4,Codehaus Jettison,Services##Logic Services##Business Logic##Codehaus Jettison,Jettison is a Java library for converting XML to JSON and vice-versa with the help of StAX. It implements XMLStreamWriter and XMLStreamReader and supports Mapped and BadgerFish conventions.,"rgb(111, 118, 8)",2220
555,4,Codehaus Redback,Services##Logic Services##Business Logic##Codehaus Redback,Codehaus Redback,"rgb(111, 118, 8)",2220
556,4,Codehaus Woodstox,Services##Logic Services##Business Logic##Codehaus Woodstox,Woodstox is a high-performance XML processor that implements Stax (JSR-173) and SAX2 APIs,"rgb(111, 118, 8)",2220
559,4,Codehaus XFire,Services##Logic Services##Business Logic##Codehaus XFire,"Codehaus XFire is a next-generation java SOAP framework. Codehaus XFire makes service oriented development approachable through its easy to use API and support for standards. It is also highly performant since it is built on a low memory StAX based model.

","rgb(111, 118, 8)",2220
561,4,Codehaus.Janino,Services##Logic Services##Business Logic##Codehaus.Janino,"Janino can not only compile a set of source files to a set of class files like JAVAC, but also compile a Java expression, a block, a class body, one .java file or a set of .java files in memory, load the bytecode and execute it directly in the running JVM.","rgb(111, 118, 8)",2220
601,4,Commitlint,Services##Logic Services##Business Logic##Commitlint,Lint commit messages,"rgb(0, 66, 170)",2220
47,4,Common Logging,Services##Logic Services##Business Logic##Common Logging,Provides a simple logging abstraction to switch between different logging implementations.,"rgb(122, 74, 0)",2220
3990,4,CommonMark,Services##Logic Services##Business Logic##CommonMark,CommonMark is Python library that parses and renders CommonMark-compliant Markdown into HTML or an abstract syntax tree (AST).,"rgb(0, 140, 180)",2220
183,4,Compuware Abend-AID for CICS Utility,Services##Logic Services##Business Logic##Compuware Abend-AID for CICS Utility,Compuware Abend-AID for CICS Utility,"rgb(13, 118, 213)",2220
1804,4,Confluent Kafka for .NET,System Interaction##Communication Services##Messaging Services##Confluent Kafka for .NET,confluent-kafka-dotnet is Confluent's .NET client for Apache Kafka and the Confluent Platform.,"rgb(97, 23, 124)",2253
479,4,Connect,Services##Logic Services##Business Logic##Connect,"Connect is an extensible HTTP server framework for node using ""plugins"" known as middleware.","rgb(0, 142, 0)",2220
403,4,Control M Scheduler Utility,Services##Logic Services##Business Logic##Control M Scheduler Utility,Control M Scheduler,"rgb(235, 127, 9)",2220
4078,4,Core ASGI Utility,Services##Logic Services##Business Logic Communication##Core ASGI Utility,"Core ASGI utility libraries for Python—like asgiref, anyio, and starlette—provide the essential tools, interfaces, and runtime support needed to build, bridge, and manage asynchronous web applications using the ASGI standard.","rgb(0, 140, 180)",2221
16,4,CoreUI,User Interaction##Web Interaction##Web Presentation##CoreUI,CoreUI Bootstrap Dashboard.,"rgb(0, 0, 0)",2278
1862,4,CouchDB,Data Services##Database Services##NoSQL Services##CouchDB,CouchDB Database,"rgb(219, 29, 29)",2261
606,4,CouchDB for JS-TS,Services##Logic Services##Data Access Services##CouchDB for JS-TS,All CouchDB SDKs for Javascript and Typescript,"rgb(227, 36, 0)",2225
1854,4,Couchbase,Data Services##Database Services##NoSQL Services##Couchbase,Couchbase Database,"rgb(219, 29, 29)",2261
3255,4,Couchbase SDK for Java,Services##Logic Services##Business Logic##Couchbase SDK for Java,All Couchbase SDK for Java,"rgb(255, 64, 19)",2220
3269,4,Couchbase for .NET,Services##Logic Services##Data Access Services##Couchbase for .NET,All libraries used to connect to Couchbase database using .NET SDK,"rgb(227, 36, 0)",2225
2910,4,CppUnit,Services##Logic Services##Business Logic##CppUnit,CppUnit is the C++ port of the famous JUnit framework for unit testing.,"rgb(94, 48, 235)",2220
3891,4,Cryptography,Services##Logic Services##Business Logic##Cryptography,"The cryptography library is a modern and secure Python library for cryptographic operations, supporting both high-level (easy-to-use) and low-level (advanced) cryptographic APIs.","rgb(18, 133, 171)",2220
408,4,Cucumber,Services##Logic Services##Business Logic##Cucumber,BDD Testing. Validate executable specifications against your code on any modern development stack.,"rgb(23, 164, 50)",2220
3971,4,Custom Python Interpreters,Services##Logic Services##Business Logic##Custom Python Interpreters,A variety of specialized Python libraries allow writing interfaces similar to Python’s interactive interpreter.,"rgb(42, 187, 157)",2220
473,4,Cypress,Services##Logic Services##Business Logic##Cypress,"With Cypress, you can easily create tests for your modern web applications, debug them visually, and automatically run them in your continuous integration builds.","rgb(0, 119, 128)",2220
14,4,D3.js,User Interaction##Web Interaction##Web Presentation##D3.js,D3.js is a JavaScript library for manipulating documents based on data..,"rgb(255, 106, 0)",2278
391,4,DB2 Persistence Utility,Services##Logic Services##Data Access Services##DB2 Persistence Utility,All DB2 utilities used for persisting data,"rgb(31, 176, 38)",2225
207,4,DB2 Utility,Services##Logic Services##Data Access Services##DB2 Utility,DB2 Utility,"rgb(31, 176, 38)",2225
271,4,Dapper,Services##Logic Services##Data Access Services##Dapper,Dapper - a simple object mapper for .Net,"rgb(142, 21, 217)",2225
4027,4,Dask,Services##Logic Services##Business Logic##Dask,Dask is a Python library for parallel and distributed computing,"rgb(217, 89, 108)",2220
3540,4,Data Block,Services##Logic Services##Data Access Services##Data Block,Data Block,"rgb(220, 40, 70)",2225
190,4,Data Set Utility,Services##Logic Services##Business Logic##Data Set Utility,Data Set Utility,"rgb(227, 22, 70)",2220
4040,4,Data-Holding Class Library,Services##Logic Services##Business Logic##Data-Holding Class Library,"A data-holding class library provides tools to simplify the creation of classes that primarily store and manage structured data, automatically generating boilerplate code like initializers, equality checks, and representations.","rgb(95, 134, 211)",2220
622,4,DataDog for JS-TS,Services##Logic Services##Business Logic##DataDog for JS-TS,DataDog libraries for Javascript and Typescript,"rgb(97, 23, 124)",2220
3482,4,DataNucleus,Services##Logic Services##Data Access Services##DataNucleus,"The most standards-compliant Java persistence product. JPA, JDO, REST, JDBC, ...
Open Source software, under the Apache 2 license.","rgb(123, 33, 159)",2225
1978,4,DataSet Files,Data Services##Data File Services##DataSet Storage##DataSet Files,DataSet files are data storage formats used primarily on IBM mainframe systems.,"rgb(89, 10, 176)",2229
501,4,DataTables,User Interaction##Web Interaction##Web Presentation##DataTables,Add advanced interaction controls to your HTML tables the free & easy way.,"rgb(0, 66, 170)",2278
3235,4,Databricks for Java,Services##Logic Services##Data Access Services##Databricks for Java,Databricks SDK for Java,"rgb(181, 26, 0)",2225
4035,4,DateTime Library,Services##Logic Services##Business Logic##DateTime Library,"Python DateTime Libraries are tools that simplify working with dates, times, timezones, and date formatting, offering features like parsing, arithmetic, conversion, and serialization beyond the built-in datetime module","rgb(196, 69, 69)",2220
3236,4,DbUtils,Services##Logic Services##Data Access Services##DbUtils,The Commons DbUtils library is a small set of classes designed to make working with JDBC easier.,"rgb(181, 26, 0)",2225
1386,4,Definesys,Services##Logic Services##Business Logic##Definesys,Definesys,"rgb(121, 26, 62)",2220
3441,4,Delta Lake for Java,Services##Logic Services##Business Logic##Delta Lake for Java,"Delta Lake is an open-source storage framework that enables building a format agnostic Lakehouse architecture with compute engines including Spark, PrestoDB, Flink, Trino, Hive, Snowflake, Google BigQuery, Athena, Redshift, Databricks, Azure Fabric and APIs for Scala, Java, Rust, and Python. With Delta Universal Format aka UniForm, you can read now Delta tables with Iceberg and Hudi clients.","rgb(0, 163, 215)",2220
3107,4,DevExpress,Services##Logic Services##Business Logic##DevExpress,DexExpress is a platform to develop .NET applications,"rgb(245, 130, 32)",2220
619,4,DevExpress for JS-TS,Services##Logic Services##Business Logic##DevExpress for JS-TS,JavaScript Component Suite for Responsive Web Development,"rgb(217, 80, 0)",2220
3106,4,Devart dotConnect,Services##Logic Services##Data Access Services##Devart dotConnect,"Devart’s dotConnect product line - a line of powerful ADO.NET providers for databases and cloud applications.  
dotConnect product line offers enhanced database connectivity solutions built over ADO.NET architecture and a development framework with advanced support for ORMs, such as Entity Framework and EF Core. Our ADO.NET providers are a complete solution for developing DB-related applications and web sites. They introduce new approaches for designing a data access layer and boosts the productivity of database application development.","rgb(102, 156, 53)",2225
401,4,Direct Web Remoting,User Interaction##Web Interaction##Web Presentation##Direct Web Remoting,Direct Web Remoting - Easy Ajax for Java,"rgb(182, 13, 13)",2278
1788,4,Django,Services##Logic Services##Business Logic##Django,"Django is a high-level Python web framework that encourages rapid development and clean, pragmatic design.","rgb(53, 114, 10)",2220
3187,4,Docker for Java,Services##Logic Services##Business Logic##Docker for Java,All Docker SDK for Java,"rgb(0, 109, 143)",2220
4001,4,Docx4j,Services##Output Services##Reporting Services##Docx4j,Docx4j is a library designed for manipulating Microsoft Word (DOCX) files. It leverages OpenXML (the underlying format for DOCX files),"rgb(39, 36, 204)",2264
639,4,Dojo,Services##Logic Services##Business Logic##Dojo,"Dojo Toolkit is s JavaScript toolkit that saves you time and scales with your development process. Provides everything you need to build a Web app. Language utilities, UI components, and more, all in one place, designed to work together perfectly.","rgb(217, 80, 0)",2220
491,4,Dojo,User Interaction##Web Interaction##Web Presentation##Dojo,"A JavaScript toolkit that saves you time and scales with your development process. Provides everything you need to build a Web app. Language utilities, UI components, and more, all in one place, designed to work together perfectly.","rgb(135, 78, 254)",2278
578,4,Dom4j,Services##Logic Services##Business Logic##Dom4j,Flexible XML framework for Java.,"rgb(154, 36, 79)",2220
1994,4,DotNET Communication,Services##Logic Services##Business Logic Communication##DotNET Communication,.NET Communication,"rgb(3, 48, 176)",2221
3710,4,DotNET Data Access,Services##Logic Services##Data Access Services##DotNET Data Access,,"rgb(121, 26, 62)",2225
2007,4,DotNET Presentation,User Interaction##Screen Interaction##Rich Client Presentation##DotNET Presentation,.NET Presentation,"rgb(103, 48, 176)",2266
3647,4,DotNetNuke (DNN),User Interaction##Web Interaction##Web Presentation##DotNetNuke (DNN),DotNetNuke (DNN) is a popular web content management system (CMS) and web application framework built on the .NET platform.,"rgb(116, 152, 236)",2278
571,4,Dozer,Services##Logic Services##Business Logic##Dozer,"The project is currently not active and will more than likely be deprecated in the future.

Dozer is a Java Bean to Java Bean mapper that recursively copies data from one object to another, it is an open source mapping framework that is robust, generic, flexible, reusable, and configurable.","rgb(154, 36, 79)",2220
120,4,Drools,Services##Logic Services##Business Logic##Drools,Drools is a Business Rules Management System (BRMS) solution,"rgb(131, 17, 0)",2220
179,4,Dropwizard,Services##Logic Services##Business Logic##Dropwizard,"Dropwizard is a Java framework for developing ops-friendly, high-performance, RESTful web services.","rgb(123, 33, 159)",2220
3480,4,DynamicReports,Services##Output Services##Reporting Services##DynamicReports,"DynamicReports is based on JasperReports. It allows to create dynamic report designs and it doesn't need a visual report designer. You can very quickly create reports and produce documents that can be displayed, printed or exported into many popular formats such as PDF, Excel, Word and others.","rgb(0, 77, 101)",2264
3345,4,EBean,Data Services##Data File Services##DataSet Storage##EBean,Persistence for Java & Kotlin,"rgb(215, 127, 0)",2229
142,4,EJB,Services##Logic Services##Business Logic Communication##EJB,Enterprise JavaBeans,"rgb(124, 42, 0)",2221
3369,4,ELMAH for .NET,Services##Logic Services##Business Logic##ELMAH for .NET,,"rgb(255, 64, 19)",2220
494,4,ESLint,Services##Logic Services##Business Logic##ESLint,ESLint statically analyzes your code to quickly find problems. It is built into most text editors and you can run ESLint as part of your continuous integration pipeline.,"rgb(135, 78, 254)",2220
460,4,ESP Scheduler Utility,Services##Logic Services##Business Logic##ESP Scheduler Utility,"ESP stands for Enterprise Systems Programming, and the tool is developed and maintained by CA Technologies.

The ESP Scheduler utility provides a comprehensive solution for job scheduling, automation, and management on z/OS.","rgb(197, 22, 39)",2220
566,4,EasyMock,Services##Logic Services##Business Logic##EasyMock,EasyMock provides an easy way to create Mock Objects for interfaces and classes generating them on the fly,"rgb(0, 86, 214)",2220
3456,4,EasyNetQ,System Interaction##Communication Services##Messaging Services##EasyNetQ,A Nice .NET API for RabbitMQ,"rgb(255, 106, 0)",2253
1373,4,Eclipse Aether,Services##Logic Services##Business Logic##Eclipse Aether,"Aether is a library for working with artifact repositories. Aether deals with the specification of local repository, remote repository, developer workspaces, artifact transports, and artifact resolution.","rgb(121, 26, 62)",2220
331,4,Eclipse BIRT,Services##Output Services##Reporting Services##Eclipse BIRT,"Business Intelligence Reporting Tool. With BIRT you can create data visualizations, dashboards and reports that can be embedded into web applications and rich clients.","rgb(116, 15, 192)",2264
3403,4,Eclipse Californium,Services##Logic Services##Business Logic##Eclipse Californium,Californium is a powerful CoAP framework targeting back-end services communicating with smaller Internet of Things devices.,"rgb(255, 64, 19)",2220
1374,4,Eclipse Core,Services##Logic Services##Business Logic##Eclipse Core,The core component provides basic platform infrastructure that does not involve any UI. It is currently comprised of the following principal plug-ins.,"rgb(121, 26, 62)",2220
368,4,Eclipse EMF,Services##Logic Services##Business Logic##Eclipse EMF,The EMF project is a modeling framework and code generation facility for building tools and other applications based on a structured data model.,"rgb(69, 14, 89)",2220
3404,4,Eclipse Equinox,Services##Logic Services##Business Logic##Eclipse Equinox,"As part of the Eclipse project, the Equinox OSGi code is managed by the Eclipse PMC.  Equinox, as the base for all of Eclipse, ships with all the major releases.","rgb(121, 26, 62)",2220
535,4,Eclipse GlassFish HK2,Services##Logic Services##Business Logic##Eclipse GlassFish HK2,Eclipse GlassFish HK2 is an implementation of Jakarta Dependency Injection. This project began as HK2 as an implementation of JSR-330 in a JavaSE environment.,"rgb(123, 33, 159)",2220
447,4,Eclipse Glassfish,Services##Logic Services##Business Logic##Eclipse Glassfish,Eclipse GlassFish is the Open Source Java EE Reference Implementation,"rgb(154, 36, 79)",2220
1394,4,Eclipse JGit,Services##Logic Services##Business Logic##Eclipse JGit,"JGit is an EDL (new-style BSD) licensed, lightweight, pure Java library implementing the Git version control system:

repository access routines
network protocols
core version control algorithms
Users
JGit has very few dependencies, making it suitable for embedding in any Java application, whether or not the application is taking advantage of other Eclipse or OSGi technologies. JGit can be found within:

EGit, Git integration for Eclipse
Gerrit Code Review, a web based peer review system for Git
NBGit, Git Support for NetBeans
GitBlit, Git server for managing, viewing, and serving Git repositories
... and some commercial products","rgb(123, 33, 159)",2220
150,4,Eclipse Jetty,Services##Logic Services##Business Logic##Eclipse Jetty,"Jetty provides a web server and servlet container, additionally providing support for HTTP/2, WebSocket, OSGi, JMX, JNDI, JAAS and many other integrations.","rgb(210, 157, 0)",2220
3549,4,Eclipse MicroProfile,Services##Logic Services##Business Logic##Eclipse MicroProfile,Optimizing Enterprise Java for a Microservices Architecture,"rgb(123, 33, 159)",2220
3499,4,Eclipse Platform,Services##Logic Services##Business Logic##Eclipse Platform,"Eclipse Platform™ defines the set of frameworks and common services that collectively make up infrastructure required to support the use of Eclipse as a component model, as a Rich Client Platform (RCP) and as a comprehensive tool integration platform.","rgb(0, 140, 200)",2220
398,4,Eclipse SWT JFace,User Interaction##Screen Interaction##Rich Client Presentation##Eclipse SWT JFace,"SWT, the Standard Widget Toolkit, is an open source widget toolkit for Java designed to provide efficient, portable access to the user-interface facilities of the operating systems on which it is implemented.

JFace is a UI toolkit with classes for handling many common UI programming tasks. JFace is window-system-independent in both its API and implementation, and is designed to work with SWT without hiding it.","rgb(227, 36, 0)",2266
1395,4,Eclipse Tycho,Services##Logic Services##Business Logic##Eclipse Tycho,"Eclipse Tycho™ is a manifest-first way to build

Eclipse Platform plug-ins/OSGi bundles
Eclipse Platform Features
Eclipse Update sites/p2 repositories
Eclipse RCP applications
with Maven.","rgb(123, 33, 159)",2220
533,4,Eclipse Tyrus,Services##Logic Services##Business Logic##Eclipse Tyrus,Java API for WebSocket reference implementation for easy development of WebSocket applications (JSR 356).,"rgb(123, 33, 159)",2220
370,4,Eclipse Vert.x,Services##Logic Services##Business Logic##Eclipse Vert.x,Eclipse Vert.x is a tool-​kit for build­ing re­ac­tive ap­pli­ca­tions on the JVM.,"rgb(97, 23, 124)",2220
3500,4,Eclipse XSD,Services##Logic Services##Business Logic##Eclipse XSD,This provides an API for the XML Schema,"rgb(0, 140, 200)",2220
369,4,EclipseLink,Services##Logic Services##Data Access Services##EclipseLink,The EclipseLink JPA provides developers with a standards based Object-Relational persistence solution with additional support for many advanced features. EclipseLink JPA provides advanced support for leading relational databases and Java containers.,"rgb(69, 14, 89)",2225
534,4,Eclispe Grizzly,Services##Logic Services##Business Logic##Eclispe Grizzly,The Eclipse Grizzly™ NIO framework has been designed to help developers to take advantage of the Java™ NIO API.,"rgb(123, 33, 159)",2220
1393,4,Ecplise JDT,Services##Logic Services##Business Logic##Ecplise JDT,"Eclipse Java development tools (JDT): 
The JDT project provides the tool plug-ins that implement a Java IDE supporting the development of any Java application, including Eclipse plug-ins. It adds a Java project nature and Java perspective to the Eclipse Workbench as well as a number of views, editors, wizards, builders, and code merging and refactoring tools. The JDT project allows Eclipse to be a development environment for itself.","rgb(123, 33, 159)",2220
95,4,Ehcache,Services##Logic Services##Data Access Services##Ehcache,"Ehcache is an open source, standards-based cache that boosts performance, offloads your database, and simplifies scalability.","rgb(255, 106, 0)",2225
1857,4,Elasticsearch,Data Services##Database Services##NoSQL Services##Elasticsearch,ElasticSearch Database,"rgb(229, 198, 16)",2261
1384,4,Elasticsearch for .NET,Services##Logic Services##Data Access Services##Elasticsearch for .NET,"Elastic provides flexible search, monitoring, and security solutions based on Elasticsearch.","rgb(123, 33, 159)",2225
508,4,Elasticsearch for JS-TS,Services##Logic Services##Data Access Services##Elasticsearch for JS-TS,All libraries to enable ElasticSearch from JavaScript and TypeScript.,"rgb(213, 132, 0)",2225
429,4,Elasticsearch for Java,Services##Logic Services##Data Access Services##Elasticsearch for Java,All packages used to connect to Elasticsearch,"rgb(255, 170, 0)",2225
341,4,ElectronJS,User Interaction##Web Interaction##Web Presentation##ElectronJS,"Build cross-platform desktop apps with JavaScript, HTML, and CSS.","rgb(0, 163, 215)",2278
490,4,EmberJS,Services##Logic Services##Business Logic##EmberJS,"Ember.js is a productive, battle-tested JavaScript framework for building modern web applications.","rgb(255, 134, 71)",2220
464,4,Emotion,User Interaction##Web Interaction##Web Presentation##Emotion,Emotion is a library designed for writing css styles with JavaScript.,"rgb(211, 87, 254)",2278
1387,4,Enterprisedt,Services##Logic Services##Business Logic##Enterprisedt,Secure file transfer & sharing,"rgb(0, 86, 214)",2220
2029,4,Entity Framework,Services##Logic Services##Data Access Services##Entity Framework,Entity Framework data access,"rgb(108, 24, 200)",2225
29,4,Entity Frameworks,Services##Logic Services##Data Access Services##Entity Frameworks,Microsoft Entity and third-parties Frameworks.,"rgb(148, 0, 255)",2225
3737,4,Entity Frameworks Core,Services##Logic Services##Data Access Services##Entity Frameworks Core,"Entity Framework Core (EF Core) is a lightweight, cross-platform, and open-source ORM (Object-Relational Mapper) for .NET, enabling developers to work with databases using .NET objects and LINQ instead of SQL queries.","rgb(148, 0, 255)",2225
231,4,Express,System Interaction##Communication Services##Exposed API##Express,"Fast, unopinionated, minimalist web framework for Node.js.","rgb(68, 68, 68)",2231
3125,4,FM for zOS - DB2 Utility,Services##Logic Services##Data Access Services##FM for zOS - DB2 Utility,"FM/Db2 provides a comprehensive, user-friendly set of tools for working with Db2® data. These tools include the familiar
view, edit, copy and print utilities found in ISPF, enhanced to meet the needs of application developers","rgb(31, 176, 38)",2225
3123,4,FM for zOS - IMS Utility,Services##Logic Services##Business Logic##FM for zOS - IMS Utility,"The IMS component of File Manager (FM/IMS) is an ISPF application with which you can manipulate data stored in IMS databases.

FM/IMS provides you with a number of flexible ways to connect to your IMS databases. For example, with BMP mode you can connect to an online multi-user database and manipulate the data. In DLI mode, you can work with data offline as a single user or you can share the data with others.","rgb(103, 118, 213)",2220
189,4,FTP Utility,Services##Logic Services##Business Logic Communication##FTP Utility,FTP Utility,"rgb(22, 47, 198)",2221
624,4,Fabric8,Services##Logic Services##Business Logic##Fabric8,Integrated development platform,"rgb(121, 26, 62)",2220
396,4,Facebook for Java,Services##Logic Services##Business Logic##Facebook for Java,All Java SDK for Facebook APIs,"rgb(0, 66, 170)",2220
158,4,FasterXML Jackson,Services##Logic Services##Business Logic##FasterXML Jackson,Jackson has been known as the Java JSON library or the best JSON parser for Java. Or simply as JSON for Java.,"rgb(0, 46, 122)",2220
470,4,Fastify,System Interaction##Communication Services##Exposed API##Fastify,Fastify is a web framework highly focused on providing the best developer experience with the least overhead and a powerful plugin architecture.,"rgb(68, 68, 68)",2231
196,4,File Manager Utility,Services##Logic Services##Business Logic##File Manager Utility,File Manager Utility,"rgb(22, 47, 198)",2220
266,4,File-AID Batch Utility,Services##Logic Services##Business Logic##File-AID Batch Utility,File-AID Batch Utility,"rgb(102, 156, 53)",2220
1801,4,Flask,Services##Logic Services##Business Logic Communication##Flask,Flask library allows you to create a web server.,"rgb(70, 174, 194)",2221
3502,4,Flask-RESTX,Services##Logic Services##Business Logic Communication##Flask-RESTX,,"rgb(121, 26, 62)",2221
57,4,Fluent Migrator SDK,Services##Logic Services##Business Logic##Fluent Migrator SDK,Fluent Migrator frameworks.,"rgb(148, 0, 255)",2220
644,4,FluentData,Services##Logic Services##Data Access Services##FluentData,FluentData - a micro-ORM with a fluent API that makes it simple to query a database.,"rgb(123, 33, 159)",2225
620,4,FluentUI,User Interaction##Web Interaction##Web Presentation##FluentUI,"A collection of UX frameworks for creating beautiful, cross-platform apps that share code, design, and interaction behavior.
","rgb(102, 97, 0)",2278
643,4,Fluentd,Services##Logic Services##Business Logic##Fluentd,"Fluentd: Unified Logging Layer
Fluentd is a cloud native logging solution to unify data collection and consumption.","rgb(0, 86, 214)",2220
3222,4,Flurl,Services##Logic Services##Business Logic Communication##Flurl,"Flurl is a modern, fluent, asynchronous, testable, portable, buzzword-laden URL builder and HTTP client library for .NET","rgb(148, 0, 255)",2221
3492,4,Flying Saucer,Services##Logic Services##Business Logic##Flying Saucer,"Flying Saucer (also called XHTML renderer) is a pure Java library for rendering XML, XHTML, and CSS 2.1 content.","rgb(227, 36, 0)",2220
3159,4,FontAwesome,Services##Logic Services##Business Logic##FontAwesome,"FontAwesome is a popular icon toolkit that provides a vast collection of scalable vector icons, which can be easily customized with CSS to enhance the visual appeal and functionality of web applications.","rgb(227, 36, 0)",2220
4104,4,Fontsource,Services##Logic Services##Business Logic##Fontsource,Fontsource is a collection of open-source fonts that are packaged into individual NPM packages for self-hosting in your web applications,"rgb(77, 34, 179)",2220
4013,4,Format.JS,Services##Logic Services##Business Logic##Format.JS,"The monorepo home to all of the FormatJS related libraries, most notably react-intl.","rgb(123, 33, 159)",2220
613,4,FullCalendar,User Interaction##Web Interaction##Web Presentation##FullCalendar,JavaScript Calendar,"rgb(0, 109, 143)",2278
454,4,GCOS Cobol System Utility,Services##Logic Services##Business Logic##GCOS Cobol System Utility,"The GCOS Cobol System Utility is a software tool used to manage and maintain programs written in the COBOL programming language on Honeywell Bull's GCOS operating system. GCOS stands for General Comprehensive Operating System, and it is a multi-user, multi-tasking operating system designed for large-scale mainframe computers.","rgb(146, 109, 180)",2220
2032,4,GCP Bigtable,Data Services##Database Services##NoSQL Services##GCP Bigtable,Gathering all GCP Bigtable instances,"rgb(34, 101, 176)",2261
2033,4,GCP Pub-Sub,System Interaction##Communication Services##Messaging Services##GCP Pub-Sub,Google Cloud Pub/Sub provides messaging between applications,"rgb(34, 101, 176)",2253
2034,4,GCP Storage,Data Services##Data File Services##File Storage##GCP Storage,"GCP Storage is a scalable, object storage solution provided by Google Cloud","rgb(76, 93, 192)",2232
2908,4,GTK GLib,User Interaction##Screen Interaction##Rich Client Presentation##GTK GLib,Offering a complete set of UI elements,"rgb(181, 26, 0)",2266
3474,4,Gatsby,Services##Logic Services##Business Logic##Gatsby,"Gatsby is a free and open source framework based on React that helps developers build blazing fast websites and apps. It combines the control and scalability of dynamically rendered sites with the speed of static-site generation, creating a whole new web of possibilities.","rgb(97, 23, 124)",2220
4020,4,GeoTools,Services##Logic Services##Business Logic##GeoTools,"GeoTools is widely used in Geographic Information Systems (GIS) applications, including web services, desktop applications, and command-line tools.","rgb(13, 94, 22)",2220
4052,4,Gevent,Services##Logic Services##Business Logic Communication##Gevent,"gevent enables concurrent networking and I/O operations by using greenlets and monkey-patching to make standard blocking libraries non-blocking, allowing for scalable asynchronous programming — without using async/await.","rgb(202, 28, 28)",2221
21,4,Ghost,Services##Logic Services##Business Logic##Ghost,"Turn your audience into a business. Publishing, memberships, subscriptions and newsletters.","rgb(68, 68, 68)",2220
630,4,Glasnost Orika,Services##Logic Services##Business Logic##Glasnost Orika,Orika is a Java Bean mapping framework that recursively copies (among other capabilities) data from one object to another. It can be very useful when developing multi-layered applications.,"rgb(55, 26, 148)",2220
1399,4,GlassFish JAXB,Services##Logic Services##Business Logic##GlassFish JAXB,The Java™ Architecture for XML Binding (JAXB) provides an API and tools that automate the mapping between XML documents and Java objects.,"rgb(55, 26, 148)",2220
1842,4,Go,Services##Logic Services##Business Logic##Go,Go frameworks and libraries ecosystem,"rgb(18, 134, 192)",2220
645,4,Google API Extensions for Java,Services##Logic Services##Business Logic##Google API Extensions for Java,"Google API Extensions for Java (GAX Java) is a library which aids in the development of client libraries for server APIs, based on GRPC and Google API conventions.


https://mvnrepository.com/artifact/com.google.api/gax
https://mvnrepository.com/artifact/com.google.api/gax-grpc
https://mvnrepository.com/artifact/com.google.api/gax-httpjson","rgb(181, 26, 0)",2220
646,4,Google API GAX for .NET,Services##Logic Services##Business Logic##Google API GAX for .NET,This repository contains code for support libraries for the Google Cloud Libraries for .NET. See the API reference and API layers documentation for more details of how these support libraries are used.,"rgb(123, 33, 159)",2220
628,4,Google API gRPC,Services##Logic Services##Business Logic Communication##Google API gRPC,"Protocol Buffers over gRPC: high-performance binary RPC protocol over HTTP/2. It offers many useful features, including request/response multiplex and full-duplex streaming.","rgb(154, 36, 79)",2221
629,4,Google APIs for .NET,Services##Logic Services##Business Logic##Google APIs for .NET,The Google API Client Library for .NET is designed for .NET client-application developers.,"rgb(123, 33, 159)",2220
634,4,Google Auth,Services##Application Services##Authentication Services##Google Auth,Authentication client library for Java.,"rgb(154, 36, 79)",3056
4054,4,Google Authentication for Python,Services##Logic Services##Business Logic##Google Authentication for Python,"Google Authentication for Python handles authentication and authorization for Google Cloud and other Google services, supporting multiple credential types and token management","rgb(202, 28, 28)",2220
10,4,Google Chrome Workbox,Services##Logic Services##Business Logic##Google Chrome Workbox,Workbox: JavaScript libraries for Progressive Web Apps,"rgb(0, 66, 170)",2220
1880,4,Google Cloud for .NET,Services##Logic Services##Business Logic##Google Cloud for .NET,"Google Cloud provides a comprehensive set of .NET client libraries and APIs that enable developers to integrate Google Cloud services, such as Compute Engine, Cloud Storage, BigQuery, and Pub/Sub, into their .NET applications seamlessly.","rgb(134, 88, 208)",2220
2939,4,Google Cloud for C-C++,Services##Logic Services##Business Logic##Google Cloud for C-C++,"Google Cloud offers client libraries and APIs for C/C++ that allow developers to integrate Google Cloud services, such as Compute Engine, Cloud Storage, and BigQuery, into their C/C++ applications.","rgb(0, 86, 214)",2220
376,4,Google Cloud for JS-TS,Services##Logic Services##Business Logic##Google Cloud for JS-TS,All libraries used to access Google Cloud services in Javascript/Typescript,"rgb(255, 106, 0)",2220
165,4,Google Cloud for Java,Services##Logic Services##Business Logic##Google Cloud for Java,Google Cloud Client Library for Java,"rgb(255, 64, 19)",2220
1800,4,Google Cloud for Python,Services##Logic Services##Business Logic##Google Cloud for Python,Google Cloud Platform SDK for Python,"rgb(154, 36, 79)",2220
381,4,Google Firebase for Javascript,Services##Logic Services##Data Access Services##Google Firebase for Javascript,"Google Firebase offers NoSQL and real-time hosting of databases, content, social authentication (Google, Facebook, Twitter and Github), and notifications, or services, such as a real-time communication server.","rgb(254, 199, 0)",2225
288,4,Google GWT,User Interaction##Web Interaction##Web Presentation##Google GWT,GWT is a development toolkit for building and optimizing complex browser-based applications.,"rgb(227, 36, 0)",2278
149,4,Google Guava,Services##Logic Services##Business Logic##Google Guava,Google core libraries for Java,"rgb(227, 36, 0)",2220
633,4,Google HTTP Client,Services##Logic Services##Business Logic Communication##Google HTTP Client,"Google HTTP Client Library for Java. Functionality that works on all supported Java platforms, including Java 7 (or higher) desktop (SE) and web (EE), Android, and Google App Engine.","rgb(181, 26, 0)",2221
636,4,Google Inject,Services##Logic Services##Business Logic##Google Inject,Automate the dependency injection in applications,"rgb(181, 26, 0)",2220
377,4,Google Libraries for JS-TS,Services##Logic Services##Business Logic##Google Libraries for JS-TS,Google libraries for Javascript/Typescript,"rgb(154, 36, 79)",2220
371,4,Google Maps,Services##Logic Services##Business Logic##Google Maps,Java client library for Google Maps API Web Services,"rgb(154, 36, 79)",2220
1879,4,Google SDK for .NET,Services##Logic Services##Business Logic##Google SDK for .NET,Google SDK/Libraries for .NET,"rgb(137, 12, 215)",2220
335,4,Google SDK for Java,Services##Logic Services##Business Logic##Google SDK for Java,Google opensource SDK especially written for Java applications.,"rgb(227, 36, 0)",2220
635,4,Google Truth,Services##Logic Services##Business Logic##Google Truth,"Truth makes your test assertions and failure messages more readable. Similar to AssertJ, it natively supports many JDK and Guava types, and it is extensible to others.","rgb(181, 26, 0)",2220
637,4,Grafeas,Services##Logic Services##Business Logic##Grafeas,An open artifact metadata API to audit and govern your software supply chain,"rgb(181, 26, 0)",2220
1383,4,GraphQL for .NET,Services##Logic Services##Data Access Services##GraphQL for .NET,"GraphQL is a query language for your API, and a server-side runtime for executing queries by using a type system you define for your data. GraphQL isn't tied to any specific database or storage engine and is instead backed by your existing code and data.","rgb(255, 64, 255)",2225
22,4,GraphQL for JS-TS,Services##Logic Services##Data Access Services##GraphQL for JS-TS,All GraphQL Client libraries,"rgb(255, 64, 255)",2225
546,4,GraphQL for Java,Services##Logic Services##Data Access Services##GraphQL for Java,GraphQL server implementation for Java/JVM,"rgb(255, 64, 255)",2225
12,4,Grunt,Services##Logic Services##Business Logic##Grunt,The JavaScript Task Runner,"rgb(255, 170, 0)",2220
24,4,Gulp,Services##Logic Services##Business Logic##Gulp,A toolkit to automate & enhance your workflow,"rgb(227, 36, 0)",2220
4048,4,Gunicorn,Services##Logic Services##Business Logic Communication##Gunicorn,"Gunicorn 'Green Unicorn' is a Python WSGI HTTP Server for UNIX. It's a pre-fork worker model. The Gunicorn server is broadly compatible with various web frameworks, simply implemented, light on server resources, and fairly speedy.","rgb(37, 218, 58)",2221
2988,4,H2 Database,Services##Logic Services##Data Access Services##H2 Database,"H2:Java SQL database. The main features of H2 are:

Very fast, open source, JDBC API
Embedded and server modes; in-memory databases
Browser based Console application
Small footprint: around 2.5 MB jar file size","rgb(0, 109, 143)",2225
2992,4,H2O.ai,Services##Logic Services##Business Logic##H2O.ai,"h2oGPT, a truly open source generative AI","rgb(255, 170, 0)",2220
3001,4,HAPI FHIR,Services##Logic Services##Business Logic##HAPI FHIR,HAPI FHIR - Java API for HL7 FHIR Clients and Servers,"rgb(255, 147, 0)",2220
631,4,HSQLDB,Services##Logic Services##Data Access Services##HSQLDB,"HyperSQL Database (HSQLDB) is a modern relational database manager that conforms closely to the SQL:2011 standard and JDBC 4 specifications. It supports all core features and RDBMS. HSQLDB is used for development, testing, and deployment of database applications.","rgb(0, 140, 180)",2225
18,4,HTML Templates,User Interaction##Web Interaction##Web Presentation##HTML Templates,HTML templates languages and stylesheets frameworks,"rgb(255, 106, 0)",2278
4030,4,HTTP Builder for Groovy,Services##Logic Services##Business Logic Communication##HTTP Builder for Groovy,"HTTP Client Framework For Groovy
HTTP Builder : Classic Groovy DSL over Apache Http
then
HTTP Builder NG Core","rgb(64, 39, 185)",2221
3476,4,Handlebars,Services##Logic Services##Business Logic##Handlebars,Libraries to manage Handlebars templating language.,"rgb(96, 96, 96)",2220
383,4,Hapi,Services##Logic Services##Business Logic##Hapi,"The Simple, Secure Framework
Developers Trust","rgb(111, 118, 8)",2220
610,4,HarperDB for JS-TS,Services##Logic Services##Data Access Services##HarperDB for JS-TS,"HarperDB is a turn-key solution for the collection, distribution, and analysis of data throughout your organization","rgb(0, 86, 214)",2225
107,4,HazelCast for Java,Services##Logic Services##Data Access Services##HazelCast for Java,In-Memory Computing and Stream Processing,"rgb(0, 66, 170)",2225
83,4,Hibernate,Services##Logic Services##Data Access Services##Hibernate,Everything data.,"rgb(141, 134, 0)",2225
3343,4,Hibernate v2,Services##Logic Services##Data Access Services##Hibernate v2,Hibernate v2,"rgb(141, 134, 0)",2225
3344,4,Hibernate v3,Services##Logic Services##Data Access Services##Hibernate v3,Hibernate's core ORM functionality,"rgb(141, 134, 0)",2225
569,4,HikariCP,Services##Logic Services##Data Access Services##HikariCP,Ultimate JDBC Connection Pool,"rgb(181, 26, 0)",2225
3271,4,HornetQ,Services##Logic Services##Business Logic##HornetQ,"HornetQ is an open source project to build a multi-protocol, embeddable, very high performance, clustered, asynchronous messaging system.","rgb(122, 74, 0)",2220
3461,4,Humanizer,Services##Logic Services##Business Logic##Humanizer,"Humanizer meets all your .NET needs for manipulating and displaying strings, enums, dates, times, timespans, numbers and quantities","rgb(181, 26, 0)",2220
3532,4,IBM AS400 for Java,Services##Logic Services##Business Logic##IBM AS400 for Java,"IBM AS400 for Java
https://www.ibm.com/docs/en/i/7.3?topic=ssw_ibm_i_73/rzahh/javadoc/com/ibm/as400/access/ProgramCall.htm

https://www.ibm.com/docs/en/i/7.3?topic=ssw_ibm_i_73/rzahh/javadoc/com/ibm/as400/access/CommandCall.htm","rgb(102, 160, 0)",2220
3284,4,IBM Abend Utility,Services##Logic Services##Business Logic##IBM Abend Utility,"The ABEND macro is used to initiate error processing for a task. ABEND can request a full or tailored dump of virtual storage areas and control blocks pertaining to the tasks being abnormally terminated, and can specify that the entire job step is to be abnormally terminated","rgb(103, 118, 213)",2220
3365,4,IBM CICS Connector,Services##Logic Services##Business Logic##IBM CICS Connector,Provides classes for developing JEE applications connecting to CICS resources,"rgb(0, 140, 180)",2220
3367,4,IBM CTG,Services##Logic Services##Business Logic##IBM CTG,"The CICS Transaction Gateway (CTG) has a long heritage as a Java connector
for CICS, originally being provided as the CICS Gateway for Java, which was
available as a free download for use with the CICS Client.Since then the CTG
has advanced along with the Java world and now provides three principal
interfaces for communication with CICS:
- Base classes
- Common Connector Framework API
- J2EE Common Client Interface","rgb(0, 140, 180)",2220
3651,4,IBM Cloud for Java,Services##Logic Services##Business Logic##IBM Cloud for Java,"The com.ibm.cloud package is part of the IBM Cloud SDK for Java, which provides APIs for interacting with IBM Cloud services, including Watson AI, IBM Cloud Object Storage, databases, and other cloud offerings.","rgb(51, 108, 240)",2220
185,4,IBM DB2,Services##Logic Services##Data Access Services##IBM DB2,"Db2 is a family of data management products, including database servers, developed by IBM","rgb(31, 176, 38)",2225
3650,4,IBM DB2 for Java,Services##Logic Services##Data Access Services##IBM DB2 for Java,"IBM DB2 for Java provides JDBC drivers and APIs to interact with DB2 databases using Java applications. You can use JDBC, JPA (with Hibernate), and Spring Data JPA to connect and execute queries on a DB2 database.","rgb(51, 108, 240)",2225
2039,4,IBM DQ,System Interaction##Communication Services##Messaging Services##IBM DQ,The DataQueue classes allow the Java™ program to interact with server data queues.,"rgb(217, 108, 26)",2253
272,4,IBM Filenet,Services##Logic Services##Business Logic##IBM Filenet,"IBM FileNet Content Manager is a flexible, full-featured content management solution that provides the foundation for IBM Cloud Pak® for Business Automation","rgb(0, 77, 101)",2220
2040,4,IBM MQ,System Interaction##Communication Services##Messaging Services##IBM MQ,IBM MQ (formerly known as WebSphere MQ or MQSeries) is a robust and highly reliable message-oriented middleware product from IBM that enables the integration of applications and systems across multiple platforms using message queues.,"rgb(22, 158, 213)",2253
295,4,IBM MQ for Java,System Interaction##Communication Services##Messaging Services##IBM MQ for Java,"IBM® MQ provides three application programming interfaces (APIs) for use in Java™ applications: IBM MQ classes for Jakarta Messaging, IBM MQ classes for JMS, and IBM MQ classes for Java.","rgb(83, 213, 253)",2253
400,4,IBM SDK for Java,Services##Logic Services##Business Logic##IBM SDK for Java,Java SDK to access IBM APIs,"rgb(0, 66, 170)",2220
402,4,IBM Sterling Gentran Utility,Services##Logic Services##Business Logic##IBM Sterling Gentran Utility,IBM Sterling Gentran Utility,"rgb(0, 97, 255)",2220
204,4,IBM Utility,Services##Logic Services##Business Logic##IBM Utility,IBM Utility,"rgb(22, 47, 198)",2220
1807,4,IBM WebSphere MQ,System Interaction##Communication Services##Messaging Services##IBM WebSphere MQ,IBM WebSphere MQ,"rgb(0, 66, 170)",2253
3094,4,IBM Websphere,Services##Logic Services##Business Logic##IBM Websphere,IBM® WebSphere® Application Server accelerates application delivery with a highly reliable Java Enterprise Edition-based runtime environment and is now a part of IBM WebSphere Hybrid Edition.,"rgb(44, 19, 118)",2220
2043,4,IBM i Communication,Services##Logic Services##Business Logic Communication##IBM i Communication,RPG and CL Rest and Soap Communication ,"rgb(24, 125, 217)",2221
3977,4,IBM i Data Access,Services##Logic Services##Data Access Services##IBM i Data Access,,"rgb(109, 160, 75)",2225
3527,4,IBM i Data Area Utility,Services##Logic Services##Business Logic##IBM i Data Area Utility,,"rgb(169, 14, 90)",2220
3528,4,IBM i DataQ Utility,System Interaction##Communication Services##Messaging Services##IBM i DataQ Utility,,"rgb(69, 14, 90)",2253
3529,4,IBM i MQ Utility,System Interaction##Communication Services##Messaging Services##IBM i MQ Utility,,"rgb(90, 20, 90)",2253
4114,4,IBM i NetServer utility,Services##Logic Services##Business Logic##IBM i NetServer utility,IBM i NetServer is an IBM i function that enables SMB (Server Message Block) clients to access IBM i shared directory paths and shared output queues.,"rgb(34, 31, 178)",2220
3967,4,IBM i PASE Utility,Services##Logic Services##Business Logic##IBM i PASE Utility,IBM i's PASE (Portable Application Solutions Environment) is a runtime environment that allows AIX (UNIX System V-based) applications to run on the IBM i platform without requiring major changes.,"rgb(90, 20, 90)",2220
3982,4,IBM i SNADS utility,Services##Logic Services##Business Logic Communication##IBM i SNADS utility,IBM i provides native commands for network file transfers using SNADS ( Systems Network Architecture Distribution Services),"rgb(5, 128, 33)",2221
3524,4,IBM i Utility,Services##Logic Services##Business Logic##IBM i Utility,,"rgb(90, 20, 90)",2220
395,4,ICEFaces,User Interaction##Screen Interaction##Rich Client Presentation##ICEFaces,ICEfaces is a feature-rich enterprise-grade UI framework for Java.,"rgb(0, 66, 170)",2266
3208,4,IDMS Utility,Services##Logic Services##Data Access Services##IDMS Utility,"The Integrated Database Management System (IDMS) is a network model (CODASYL) database management system for mainframes. It was first developed at B.F. Goodrich and later marketed by Cullinane Database Systems (renamed Cullinet in 1983). Since 1989 the product has been owned by Computer Associates (now CA Technologies), who renamed it Advantage CA-IDMS and later simply to CA IDMS. In 2018 Broadcom acquired CA Technologies, renaming it back to IDMS","rgb(25, 140, 200)",2225
1382,4,IKVM,Services##Logic Services##Business Logic##IKVM,A Java Virtual Machine and Bytecode-to-IL Converter for .NET,"rgb(102, 156, 53)",2220
2044,4,IMS Data File Access,Services##Logic Services##Data Access Services##IMS Data File Access,IMS Data File Access,"rgb(15, 156, 62)",2225
187,4,IMS Utility,Services##Logic Services##Business Logic##IMS Utility,IMS Utility,"rgb(101, 41, 198)",2220
201,4,ISPF Utility,Services##Logic Services##Business Logic Communication##ISPF Utility,ISPF Utility are typically use to work with data sets.,"rgb(27, 56, 229)",2221
3049,4,IdentityModel,Services##Logic Services##Business Logic##IdentityModel,IdentityModel is a collection of OpenID Connect & OAuth 2 related helpers and client libraries for .NET and ASP.NET.,"rgb(185, 45, 93)",2220
3043,4,IdentityServer,Services##Logic Services##Business Logic##IdentityServer,IdentityServer4 is an OpenID Connect and OAuth 2.0 framework for ASP.NET Core.,"rgb(221, 149, 5)",2220
3898,4,Idna,Services##Logic Services##Business Logic##Idna,"idna is a Python library that implements Internationalized Domain Names (IDN) support, which allows you to handle domain names that contain characters outside the ASCII range, such as non-Latin characters (e.g., Chinese, Arabic, Cyrillic, etc.)","rgb(0, 140, 180)",2220
3296,4,InSync Utility,Services##Logic Services##Business Logic##InSync Utility,Data management and manipulation for z/OS.,"rgb(240, 80, 20)",2220
166,4,Infinispan,Services##Logic Services##Data Access Services##Infinispan,In-Memory Distributed Data Store,"rgb(58, 136, 254)",2225
608,4,InfluxDB for JS-TS,Services##Logic Services##Data Access Services##InfluxDB for JS-TS,InfluxDB client using Javascript and Typescript SDK,"rgb(0, 199, 252)",2225
3294,4,InfoPac utility,Services##Logic Services##Business Logic##InfoPac utility,InfoPac is a mainframe application for viewing and printing online reports. It is also called ViewDirect,"rgb(32, 166, 153)",2220
3285,4,Infogix Utility,Services##Logic Services##Business Logic##Infogix Utility,"Infogix Data360 is an intelligent platform that provides businesses with real-time, end-to-end and automated data analysis. Integrate data quality, data analytics and data governance capabilities to ensure business-critical data remains suitable and available.","rgb(25, 120, 200)",2220
1798,4,Interactive Intelligence,Services##Logic Services##Business Logic Communication##Interactive Intelligence,"Interactive Intelligence was a telecommunications software and cloud computing development company that provided unified business communications solutions for call centers, Voice over IP companies, and business process automation.

https://en.wikipedia.org/wiki/Interactive_Intelligence

In December 2016, the company was acquired by Genesys for $1.4 billion and its products were integrated into the PureCloud, PureConnect and PureEngage customer engagement platforms.[2]","rgb(0, 66, 170)",2221
263,4,Invoke Java Utility,Services##Logic Services##Business Logic Communication##Invoke Java Utility,Invoke Java Utility,"rgb(194, 19, 19)",2221
267,4,Invoke Rexx Utility,Services##Logic Services##Business Logic Communication##Invoke Rexx Utility,Invoke Rexx Utility,"rgb(227, 36, 0)",2221
27,4,Ionic,Services##Logic Services##Business Logic##Ionic,Cross-platform Mobile Development,"rgb(0, 86, 214)",2220
112,4,Ironjacamar,Services##Logic Services##Business Logic##Ironjacamar,IronJacamar is an implementation of the Java EE Connector Architecture 1.7 specification.,"rgb(141, 134, 0)",2220
530,4,JAX-RPC,Services##Logic Services##Business Logic Communication##JAX-RPC,Java APIs for XML-based Remote Procedure Call ( JAX-RPC) help with Web service interoperability and accessibility by defining Java APIs that Java applications use to develop and access Web services,"rgb(181, 26, 0)",2221
3179,4,JAX-RS,Services##Logic Services##Business Logic##JAX-RS,Java API for RESTful Web Services,"rgb(97, 23, 124)",2220
529,4,JAX-WS,Services##Logic Services##Business Logic##JAX-WS,JAX-WS is a Web Services framework that provides tools and infrastructure to develop Web Services solutions for the end users and middleware developers,"rgb(181, 26, 0)",2220
133,4,JBoss,Services##Logic Services##Business Logic##JBoss,Open source framewo managed by RedHat.,"rgb(217, 80, 0)",2220
251,4,JBoss RESTEasy,Services##Logic Services##Business Logic##JBoss RESTEasy,RESTEasy is a JBoss / Red Hat project that provides various frameworks to help you build RESTful Web Services and RESTful Java applications.,"rgb(217, 80, 0)",2220
394,4,JBoss RichFaces,Services##Logic Services##Business Logic##JBoss RichFaces,The RichFaces project is an advanced UI component framework for easily integrating Ajax capabilities into business applications using JSF.,"rgb(255, 170, 0)",2220
250,4,JBoss XNIO,Services##Logic Services##Business Logic##JBoss XNIO,XNIO is a simplified low-level I/O layer which can be used anywhere you are using NIO today.,"rgb(217, 80, 0)",2220
2051,4,JCL Batch Processing,System Interaction##Batch Services##Script Batch Interfaces##JCL Batch Processing,JCL Batch Processing,"rgb(83, 42, 213)",2269
2052,4,JCL Data Access,Services##Logic Services##Data Access Services##JCL Data Access,JCL Data Access,"rgb(59, 18, 192)",2225
524,4,JCraft,Services##Logic Services##Business Logic##JCraft,"JSch is a pure Java implementation of SSH2.
JSch allows you to connect to an sshd server and use port forwarding, X11 forwarding, file transfer, etc., and you can integrate its functionality into your own Java programs. JSch is licensed under BSD style license.","rgb(119, 187, 65)",2220
1884,4,JDBC,Services##Logic Services##Data Access Services##JDBC,JDBC libraries,"rgb(184, 34, 34)",2225
565,4,JDOM,Services##Logic Services##Business Logic##JDOM,"A complete, Java-based solution for accessing, manipulating, and outputting XML data","rgb(181, 26, 0)",2220
4,4,JEE,Services##Logic Services##Business Logic##JEE,"Java Platform, Enterprise Edition (Java EE) is the standard in community-driven enterprise software.","rgb(31, 102, 178)",2220
3386,4,JEE Business Logic,Services##Logic Services##Business Logic##JEE Business Logic,JEE Business Logic,"rgb(10, 120, 240)",2220
2056,4,JEE Exposed Services,System Interaction##Communication Services##Exposed API##JEE Exposed Services,All JEE Exposed Web Services,"rgb(210, 20, 20)",2231
570,4,JExcelApi,Services##Logic Services##Business Logic##JExcelApi,"JExcelApi is a java library which provides the ability to read, write, and modify Microsoft Excel spreadsheets.","rgb(181, 26, 0)",2220
520,4,JFree,Services##Logic Services##Business Logic##JFree,"JFree.org is home to a number of free software projects targetting the Java platform
","rgb(181, 26, 0)",2220
522,4,JGoodies,Services##Logic Services##Business Logic##JGoodies,"JGoodies offers freeware, products, and services for Java desktop developers. We focus on Java user interface design and its implementation in Swing","rgb(181, 26, 0)",2220
414,4,JHipster,Services##Logic Services##Business Logic##JHipster,"JHipster is a development platform to quickly generate, develop, & deploy modern web applications & microservice architectures.","rgb(58, 136, 254)",2220
379,4,JIMP,Services##Logic Services##Business Logic##JIMP,"The ""JavaScript Image Manipulation Program"" :-)

An image processing library for Node written entirely in JavaScript, with zero native dependencies.","rgb(255, 64, 19)",2220
3270,4,JMS,Services##Logic Services##Business Logic##JMS,"The Java Message Service (JMS) API is a messaging standard that allows application components based on the Java Platform Enterprise Edition (Java EE) to create, send, receive, and read messages.","rgb(121, 26, 62)",2220
2058,4,JMS MQ,System Interaction##Communication Services##Messaging Services##JMS MQ,JMS MQ,"rgb(213, 15, 15)",2253
590,4,JMock,Services##Logic Services##Business Logic##JMock,jMock is a library for testing Java code using mock objects,"rgb(154, 36, 79)",2220
3449,4,JNA,Services##Logic Services##Business Logic##JNA,"Java Native Access
JNA provides Java programs easy access to native shared libraries without writing anything but Java code - no JNI or native code is required.","rgb(154, 36, 79)",2220
598,4,JNR,Services##Logic Services##Business Logic##JNR,"The Java Native Runtime Project. JNR-FFI is a Java library for loading native libraries without writing JNI code by hand, or using tools such as SWIG.
JNR is a newer framework, with goals similar to JNA, but has a different API and underlying technology. 
JNA uses reflection to call native methods.
JNR generates bytecode in runtime only once therefore JNR works faster then JNA. 
","rgb(154, 36, 79)",2220
3450,4,JOpt Simple,Services##Logic Services##Business Logic##JOpt Simple,Java library for parsing command line options,"rgb(154, 36, 79)",2220
3178,4,JPA,Services##Logic Services##Data Access Services##JPA,Java(TM) Persistence API,"rgb(154, 36, 79)",2225
1812,4,JRuby,Services##Logic Services##Business Logic##JRuby,The Ruby Programming Language on the JVM,"rgb(131, 17, 0)",2220
4110,4,JS-TS Blockchain Libraries,Services##Logic Services##Business Logic##JS-TS Blockchain Libraries,Javascript/Typescript libraries for Blockchain,"rgb(68, 68, 68)",2220
4105,4,JS-TS Browser Libraries,Services##Logic Services##Business Logic##JS-TS Browser Libraries,Web browser Javascript/Typescript libraries,"rgb(227, 36, 0)",2220
4106,4,JS-TS CSS Libraries,Services##Logic Services##Business Logic##JS-TS CSS Libraries,Javascript/Typescript libraries used to define/update CSS,"rgb(0, 97, 255)",2220
3475,4,JS-TS Cache Libraries,Services##Logic Services##Business Logic##JS-TS Cache Libraries,All javascript/typescript libraries to do local cache,"rgb(181, 26, 0)",2220
4010,4,JS-TS Cryptography Libraries,Services##Logic Services##Business Logic##JS-TS Cryptography Libraries,All cryptography standalone libraries for Javascript - Typescript,"rgb(181, 26, 0)",2220
4111,4,JS-TS HTML Libraries,Services##Logic Services##Business Logic##JS-TS HTML Libraries,Javascript/Typescript libraries to update/change HTML/DOM,"rgb(255, 64, 19)",2220
1818,4,JS-TS JSON Libraries,Services##Logic Services##Business Logic##JS-TS JSON Libraries,All JSON standalone libraries,"rgb(96, 96, 96)",2220
4009,4,JS-TS Mail Libraries,Services##Logic Services##Business Logic##JS-TS Mail Libraries,All Mail standalone libraries for Javascript - Typescript,"rgb(0, 86, 214)",2220
375,4,JS-TS Misc. Libs,Services##Logic Services##Business Logic##JS-TS Misc. Libs,Set of small libraries on top of Javascript/Typescript Language,"rgb(196, 188, 0)",2220
4014,4,JS-TS PDF Libraries,Services##Logic Services##Business Logic##JS-TS PDF Libraries,All PDF standalone libraries for Javascript - Typescript,"rgb(0, 86, 214)",2220
1787,4,JS-TS REST Libs,User Interaction##Web Interaction##Web Communication##JS-TS REST Libs,Set of http client REST libraries,"rgb(0, 97, 255)",2275
4008,4,JS-TS XML Libraries,Services##Logic Services##Business Logic##JS-TS XML Libraries,All XML standalone libraries for Javascript - Typescript,"rgb(96, 96, 96)",2220
4043,4,JSON data Libs,Services##Logic Services##Business Logic##JSON data Libs,"tools or packages designed to manipulate, validate, access, modify, or store JSON-formatted data","rgb(105, 185, 247)",2220
554,4,JSON-Java,Services##Logic Services##Business Logic##JSON-Java,A reference implementation of a JSON package in Java.,"rgb(181, 26, 0)",2220
551,4,JSON.simple,Services##Logic Services##Business Logic##JSON.simple,JSON.simple - A simple Java toolkit for JSON,"rgb(181, 26, 0)",2220
4017,4,JSONassert,Services##Logic Services##Business Logic##JSONassert,Library for writing tests that checks JSON documents (useful for testing responses from REST services).,"rgb(108, 154, 213)",2220
514,4,JUnit,Services##Logic Services##Business Logic##JUnit,The goal is to create an up-to-date foundation for developer-side testing on the JVM,"rgb(227, 36, 0)",2220
364,4,JWT for JS-TS,Services##Logic Services##Business Logic##JWT for JS-TS,"JSON Web Tokens (JWT) are an open, industry standard RFC 7519 method for representing claims securely between two parties. JWT.IO allows you to decode, verify and generate JWT.","rgb(0, 109, 143)",2220
290,4,JWT for Java,Services##Logic Services##Business Logic##JWT for Java,"JSON Web Tokens (JWT) are an open, industry standard RFC 7519 method for representing claims securely between two parties. JWT.IO allows you to decode, verify and generate JWT.","rgb(0, 109, 143)",2220
1817,4,JaCoCo,Services##Logic Services##Business Logic##JaCoCo,"JaCoCo is a free code coverage library for Java, which has been created by the EclEmma team based on the lessons learned from using and integration existing libraries for many years.","rgb(217, 80, 0)",2220
532,4,Jakarta EE,Services##Logic Services##Business Logic##Jakarta EE,"akarta EE gives developers a comprehensive set of vendor neutral, open specifications that are used for developing modern, cloud native Java applications from the ground up.","rgb(181, 26, 0)",2220
3342,4,Jakarta Persistence,Services##Logic Services##Data Access Services##Jakarta Persistence,Jakarta Persistence defines a standard for management of persistence and object/relational mapping in Java(R) environments.,"rgb(181, 26, 0)",2225
538,4,Jakarta faces,User Interaction##Web Interaction##Web Presentation##Jakarta faces,The Jakarta Faces™ project provides the specification document for the Jakarta Faces specification.,"rgb(181, 26, 0)",2278
422,4,JasperReports,Services##Output Services##Reporting Services##JasperReports,Open Source Java Reporting Library.,"rgb(0, 163, 215)",2264
94,4,Jasypt,Services##Logic Services##Business Logic##Jasypt,"Jasypt is a java library which allows the developer to add basic encryption capabilities to his/her projects with minimum effort, and without the need of having deep knowledge on how cryptography works.","rgb(154, 36, 79)",2220
137,4,Java AWT,User Interaction##Screen Interaction##Rich Client Presentation##Java AWT,The Abstract Window Toolkit (AWT) is Java's original GUI framework,"rgb(154, 36, 79)",2266
140,4,Java Batch,Services##Logic Services##Business Logic##Java Batch,Java Batch,"rgb(154, 36, 79)",2220
3189,4,Java Batch Processing,System Interaction##Batch Services##Script Batch Interfaces##Java Batch Processing,"Java Batch Processing refers to the execution of a series of jobs on a large scale, typically involving data-intensive tasks such as ETL (Extract, Transform, Load) processes, report generation, and bulk database update","rgb(40, 70, 200)",2269
2086,4,Java Communication,Services##Logic Services##Business Logic Communication##Java Communication,Java Communication,"rgb(194, 19, 19)",2221
106,4,Java Core,Services##Logic Services##Business Logic##Java Core,Java Extensions library,"rgb(181, 26, 0)",2220
2089,4,Java Data Access,Services##Logic Services##Data Access Services##Java Data Access,All Java frameworks enabling data access,"rgb(200, 8, 8)",2225
443,4,Java Debug Interface,Services##Logic Services##Business Logic##Java Debug Interface,"Java Debug Interface defines mirrors for values, types, and the target VirtualMachine itself - as well bootstrapping facilities.","rgb(181, 26, 0)",2220
557,4,Java EE,Services##Logic Services##Business Logic##Java EE,All Java EE packages (before the move to Jakarta EE 9.0+,"rgb(181, 26, 0)",2220
97,4,Java Hamcrest,Services##Logic Services##Business Logic##Java Hamcrest,Matchers that can be combined to create flexible expressions of intent.,"rgb(154, 36, 79)",2220
442,4,Java IO,Services##Logic Services##Business Logic##Java IO,"System input and output through data streams, serialization and the file system.","rgb(181, 26, 0)",2220
444,4,Java Management Extensions,Services##Logic Services##Business Logic##Java Management Extensions,Java Management Extensions (JMX) enables Monitoring and Management.,"rgb(181, 26, 0)",2220
445,4,Java Net,Services##Logic Services##Business Logic##Java Net,Web services management for Java,"rgb(181, 26, 0)",2220
451,4,Java RMI,Services##Logic Services##Business Logic##Java RMI,The Java Remote Method Invocation (RMI) system allows an object running in one Java virtual machine to invoke methods on an object running in another Java virtual machine. RMI provides for remote communication between programs written in the Java programming language.,"rgb(181, 26, 0)",2220
448,4,Java SOAP,Services##Logic Services##Business Logic Communication##Java SOAP,Java SOAP Services,"rgb(181, 26, 0)",2221
449,4,Java Security,Services##Logic Services##Business Logic##Java Security,All frameworks related to Java Security/Crypto,"rgb(181, 26, 0)",2220
146,4,Java Servlet,Services##Logic Services##Business Logic Communication##Java Servlet,Java Servlet,"rgb(181, 26, 0)",2221
161,4,Java Swing,User Interaction##Screen Interaction##Rich Client Presentation##Java Swing,Swing is a GUI widget toolkit for Java,"rgb(181, 26, 0)",2266
2117,4,Java Web Presentation,User Interaction##Web Interaction##Web Presentation##Java Web Presentation,Java Web Presentation,"rgb(142, 6, 6)",2278
124,4,Java XML,Services##Logic Services##Business Logic##Java XML,Java/Sun XML libraries.,"rgb(217, 80, 0)",2220
450,4,JavaBeans,Services##Logic Services##Business Logic##JavaBeans,The 'beans' of JavaBeans are classes that encapsulate one or more objects into a single standardized object (the bean).,"rgb(181, 26, 0)",2220
3092,4,JavaFX,User Interaction##Screen Interaction##Rich Client Presentation##JavaFX,"JavaFX is an open source, next generation client application platform for desktop, mobile and embedded systems built on Java.","rgb(0, 77, 101)",2266
399,4,JavaServer Faces,User Interaction##Screen Interaction##Rich Client Presentation##JavaServer Faces,"JavaServer Faces technology includes:

A set of APIs for representing UI components and managing their state, handling events and input validation, defining page navigation, and supporting internationalization and accessibility.
A JavaServer Pages (JSP) custom tag library for expressing a JavaServer Faces interface within a JSP page.","rgb(181, 26, 0)",2266
2121,4,Javascript Communication,User Interaction##Web Interaction##Web Communication##Javascript Communication,Javascript Communication,"rgb(237, 203, 62)",2275
553,4,Javassist,Services##Logic Services##Business Logic##Javassist,Javassist (Java Programming Assistant) makes Java bytecode manipulation simple. It is a class library for editing bytecodes in Java; it enables Java programs to define a new class at runtime and to modify a class file when the JVM loads it,"rgb(181, 26, 0)",2220
572,4,Jaxen,Services##Logic Services##Business Logic##Jaxen,"Jaxen is an open source XPath 1.0 library written in Java. It is adaptable to many different object models, including DOM, XOM, dom4j, and JDOM. It is also possible to write adapters that treat non-XML trees such as compiled Java byte code or Java beans as XML, thus enabling you to query these trees with XPath too.","rgb(181, 26, 0)",2220
175,4,Jayway Jsonpath,Services##Logic Services##Business Logic##Jayway Jsonpath,Java JsonPath implementation.,"rgb(255, 64, 19)",2220
406,4,Jdbi,Services##Logic Services##Data Access Services##Jdbi,"Jdbi provides convenient, idiomatic, access to relational data in Java.","rgb(227, 36, 0)",2225
465,4,Jest,Services##Logic Services##Business Logic##Jest,Jest is a delightful JavaScript Testing Framework with a focus on simplicity.,"rgb(119, 187, 65)",2220
3494,4,Jetbrains Kotlin,Services##Logic Services##Business Logic##Jetbrains Kotlin,Kotlin packages provided by Jetbrains,"rgb(173, 62, 0)",2220
3892,4,Jinja2,User Interaction##Web Interaction##Web Presentation##Jinja2,"Jinja2 is a fast, flexible, and secure templating engine used for generating HTML, configuration files, and dynamic content in Python applications.","rgb(202, 28, 28)",2278
552,4,Joda,Services##Logic Services##Business Logic##Joda,"Description
The Joda project provides quality low-level libraries for the Java platform.

Projects
These are the projects:

Joda-Time - Basic types for Date and Time
Joda-Money - Basic types for Money
Joda-Beans - Next generation JavaBeans
Joda-Convert - String to Object conversion
Joda-Collect - Additional collection data structures","rgb(181, 26, 0)",2220
585,4,Joda-Time,Services##Logic Services##Business Logic##Joda-Time,"Joda-Time provides a quality replacement for the Java date and time classes.

Joda-Time is the de facto standard date and time library for Java prior to Java SE 8. Users are now asked to migrate to java.time (JSR-310).

Joda-time is no longer in active development except to keep timezone data up to date.","rgb(154, 36, 79)",2220
3841,4,Jodd,Services##Logic Services##Business Logic##Jodd,"The jodd library is a collection of utility tools that provides solutions for common tasks in Java programming, such as logging, configuration, servlet handling, bean manipulation, and more. It is designed to be lightweight, fast, and modular, offering different features that can be used individually.

Key Features of jodd:
Jodd Core: Provides general-purpose utilities for working with strings, collections, threads, etc.
Jodd Bean: Provides utilities for working with JavaBeans.
Jodd Servlet: Utilities for servlet handling, including request/response manipulation.
Jodd HTTP: A simple HTTP client.","rgb(0, 66, 170)",2220
526,4,Jsoniter,Services##Logic Services##Business Logic##Jsoniter,"jsoniter (json-iterator) is fast and flexible JSON parser available in Java and Go. Good deal of the code is ported from dsljson, and jsonparser.","rgb(181, 26, 0)",2220
3905,4,Jupyter,Services##Logic Services##Business Logic##Jupyter,"Jupyter is a powerful, open-source web application used for creating and sharing documents that contain live code, equations, visualizations, narrative text, and more. It is widely used in data science, research, and education for interactive computing.","rgb(42, 187, 157)",2220
1810,4,Jython,Services##Logic Services##Business Logic##Jython,"The Jython project provides implementations of Python in Java, providing to Python the benefits of running on the JVM and access to classes written in Java.","rgb(154, 36, 79)",2220
169,4,KIE Group,Services##Logic Services##Business Logic##KIE Group,KIE Group Libraries fro Drools and jBPM,"rgb(0, 140, 180)",2220
3017,4,KafkaJS,System Interaction##Communication Services##Messaging Services##KafkaJS,"Kafkajs, a modern apache kafka client for node.js","rgb(123, 33, 159)",2253
469,4,Karma,Services##Logic Services##Business Logic##Karma,The main goal for Karma is to bring a productive testing environment to developers,"rgb(86, 197, 168)",2220
3923,4,Keras,Services##Logic Services##Business Logic##Keras,"Keras is a high-level API for building and training deep learning models, which can run on top of frameworks like TensorFlow, Theano, or CNTK. It simplifies the process of building neural networks.","rgb(42, 187, 157)",2220
157,4,Keycloak,Services##Application Services##Authentication Services##Keycloak,Open Source Identity and Access Management For Modern Applications and Services.,"rgb(0, 97, 255)",3056
1889,4,Knex,Services##Logic Services##Business Logic##Knex,"Knex.js is a ""batteries included"" SQL query builder for PostgreSQL, CockroachDB, MSSQL, MySQL, MariaDB, SQLite3, Better-SQLite3, Oracle, and Amazon Redshift designed to be flexible, portable, and fun to use.","rgb(223, 123, 14)",2220
417,4,Knockout,User Interaction##Web Interaction##Web Presentation##Knockout,"Knockout is a JavaScript library that helps you to create rich, responsive display and editor user interfaces with a clean underlying data model.","rgb(227, 36, 0)",2278
228,4,Koa,System Interaction##Communication Services##Exposed API##Koa,"Koa is a new web framework designed by the team behind Express, which aims to be a smaller, more expressive, and more robust foundation for web applications and APIs.","rgb(96, 96, 96)",2231
626,4,Kubernetes for Java,Services##Application Services##Container##Kubernetes for Java,Official Java client library for kubernetes,"rgb(0, 86, 214)",3062
238,4,LINQ2DB,Services##Logic Services##Data Access Services##LINQ2DB,Linq to database provider..,"rgb(148, 33, 146)",2225
239,4,LINQ2DynamoDB,Services##Logic Services##Data Access Services##LINQ2DynamoDB,LINQ To AWS DynamoDB,"rgb(148, 33, 146)",2225
4109,4,LangChain for JS-TS,Services##Logic Services##Business Logic##LangChain for JS-TS,LangChain is a framework for developing applications powered by large language models (LLMs).,"rgb(68, 68, 68)",2220
3573,4,Ldaptive,Services##Logic Services##Business Logic##Ldaptive,"Ldaptive is a simple, extensible Java API for interacting with LDAP servers. It was designed to provide easy LDAP integration for application developers.","rgb(181, 26, 0)",2220
502,4,Leaflet,User Interaction##Web Interaction##Web Presentation##Leaflet,Leaflet is an open-source JavaScript library for mobile-friendly interactive maps.,"rgb(119, 187, 65)",2278
621,4,Lerna,Services##Logic Services##Business Logic##Lerna,"Lerna is a fast, modern build system for managing and publishing multiple JavaScript/TypeScript packages from the same repository.","rgb(147, 51, 234)",2220
4064,4,LibUV,Services##Logic Services##Business Logic Communication##LibUV,Cross-platform asynchronous I/O,"rgb(42, 187, 157)",2221
397,4,Liferay for Java,Services##Logic Services##Business Logic##Liferay for Java,"Liferay offers flexible, scalable, accessible, and secure cloud platform to quickly build, launch, and manage custom digital solutions.","rgb(0, 86, 214)",2220
118,4,Liquibase for Java,Services##Logic Services##Business Logic##Liquibase for Java,Java  Client SDK for Liquibase,"rgb(227, 36, 0)",2220
3472,4,Lit,Services##Logic Services##Business Logic##Lit,"Lit is a simple library for building fast, lightweight web components.
At Lit's core is a boilerplate-killing component base class that provides reactive state, scoped styles, and a declarative template system that's tiny, fast and expressive.","rgb(122, 122, 122)",2220
3457,4,LiteDB,Services##Logic Services##Data Access Services##LiteDB,"LiteDB is a simple and fast NoSQL database solution. Ideal for:
Mobile Apps (Xamarin ready)
Desktop/local applications
Application file format
Web applications","rgb(121, 26, 62)",2225
11,4,Lodash,Services##Logic Services##Business Logic##Lodash,"A modern JavaScript utility library delivering modularity, performance & extras.","rgb(58, 136, 254)",2220
44,4,LogoFX,Services##Logic Services##Business Logic##LogoFX,LogoFX frameworks.,"rgb(68, 68, 68)",2220
543,4,Lombok,Services##Logic Services##Business Logic##Lombok,"Project Lombok is a java library that automatically plugs into your editor and build tools, spicing up your java. Never write another getter or equals method again, with one annotation your class has a fully featured builder, Automate your logging variables, and much more.","rgb(181, 26, 0)",2220
418,4,LoopBack,Services##Logic Services##Business Logic##LoopBack,A highly extensible Node.js and TypeScript framework for building APIs and microservices.,"rgb(0, 86, 214)",2220
199,4,MQ Utility,System Interaction##Communication Services##Messaging Services##MQ Utility,"MQ utilities for mainframes, particularly in the context of IBM MQ (formerly WebSphere MQ), are specialized tools and programs designed to facilitate the management, monitoring, and operation of IBM MQ on mainframe environments, such as z/OS.","rgb(32, 166, 153)",2253
2900,4,MQTT,System Interaction##Communication Services##Messaging Services##MQTT,MQTT is an OASIS standard messaging protocol for the Internet of Things (IoT).,"rgb(153, 41, 189)",2253
583,4,MS Enterprise Library,Services##Logic Services##Data Access Services##MS Enterprise Library,"Microsoft Enterprise Library is a collection of reusable software components designed to assist developers with common enterprise development challenges. These components include functionality for data access, exception handling, logging, validation, and more.","rgb(123, 33, 159)",2225
612,4,MS SQL for JS-TS,Services##Logic Services##Data Access Services##MS SQL for JS-TS,Libraries used to access Microsoft SQL from Node.js,"rgb(0, 109, 143)",2225
3596,4,MSMQ for .NET,Services##Logic Services##Data Access Services##MSMQ for .NET,,"rgb(123, 33, 159)",2225
3166,4,MailKit,Services##Logic Services##Business Logic##MailKit,MailKit is an Open Source cross-platform .NET mail-client library that is based on MimeKit and optimized for mobile devices.,"rgb(0, 86, 214)",2220
519,4,Mailjet,Services##Logic Services##Business Logic##Mailjet,Reliable and scalable email delivery platform with SMTP and API. Real-time reporting for all your email traffic. Responsive email design with MJML and Passport.,"rgb(181, 26, 0)",2220
2127,4,Mainframe Presentation,User Interaction##Screen Interaction##Terminal Presentation##Mainframe Presentation,Mainframe Presentation refers to the interface and interaction design for mainframe systems.,"rgb(89, 10, 176)",2272
3088,4,MapStruct,Services##Logic Services##Business Logic##MapStruct,MapStruct is a code generator that greatly simplifies the implementation of mappings between Java bean types based on a convention over configuration approach.,"rgb(122, 74, 0)",2220
385,4,Mapbox,Services##Logic Services##Business Logic##Mapbox,Mapbox is the location data platform for mobile and web applications.,"rgb(0, 86, 214)",2220
482,4,Marionette.js,User Interaction##Web Interaction##Web Presentation##Marionette.js,Marionette simplifies your Backbone application code with robust views and architecture solutions.,"rgb(227, 36, 0)",2278
3253,4,Markdown Libraries for JS-TS,Services##Logic Services##Business Logic##Markdown Libraries for JS-TS,Markdown Libraries for JS-TS,"rgb(88, 52, 0)",2220
1851,4,Marklogic,Data Services##Database Services##NoSQL Services##Marklogic,Marklogic Database,"rgb(231, 27, 27)",2261
1805,4,MassTransit,System Interaction##Communication Services##Messaging Services##MassTransit,"MassTransit is a free, open-source distributed application framework for .NET. MassTransit makes it easy to create applications and services that leverage message-based, loosely-coupled asynchronous communication for higher availability, reliability, and scalability.","rgb(102, 156, 53)",2253
384,4,Material UI,User Interaction##Web Interaction##Web Presentation##Material UI,MUI offers a comprehensive suite of UI tools to help you ship new features faster.,"rgb(0, 163, 215)",2278
3912,4,Matplotlib,Services##Logic Services##Business Logic##Matplotlib,"Matplotlib is a comprehensive library for creating static, animated, and interactive visualizations in Python","rgb(42, 187, 157)",2220
3175,4,MediatR,System Interaction##Communication Services##Messaging Services##MediatR,"Simple, unambitious mediator implementation in .NET","rgb(181, 26, 0)",2253
1853,4,Memcached,Data Services##Database Services##NoSQL Services##Memcached,"Memcached is an in-memory key-value store for small chunks of arbitrary data (strings, objects) from results of database calls, API calls, or page rendering.","rgb(12, 136, 65)",2261
3169,4,Memcached for .NET,Services##Logic Services##Data Access Services##Memcached for .NET,All client libraries for Memcached using .NET SDK,"rgb(102, 156, 53)",2225
512,4,Memcached for JS-TS,Services##Logic Services##Data Access Services##Memcached for JS-TS,All memcached libraries for JavaScript and TypeScript,"rgb(79, 122, 40)",2225
3256,4,Memcached for Java,Services##Logic Services##Business Logic##Memcached for Java,All libraries used to manage Memcached,"rgb(154, 36, 79)",2220
3709,4,Mescius,Services##Logic Services##Business Logic##Mescius,"MESCIUS' (pronounced mesh-ē-us) product line provides developers, designers, and architects with the ultimate collection of award-winning JavaScript and .NET grids, reporting, spreadsheets, document APIs, viewers, and mobile controls.","rgb(217, 80, 0)",2220
2129,4,Message Driven Bean,System Interaction##Communication Services##Messaging Services##Message Driven Bean,Message Driven Bean,"rgb(213, 10, 10)",2253
3895,4,MessagePack (msgpack),Services##Logic Services##Business Logic##MessagePack (msgpack),MessagePack is a fast and compact binary format for serializing and deserializing data. It's similar to JSON but more efficient in size and speed.,"rgb(42, 187, 157)",2220
365,4,MeteorJS,User Interaction##Web Interaction##Web Presentation##MeteorJS,"Meteor is an open source platform for seamlessly building and deploying Web, Mobile, and Desktop applications in Javascript.","rgb(255, 64, 19)",2278
409,4,Micrometer,Services##Logic Services##Business Logic##Micrometer,"Micrometer provides a simple facade over the instrumentation clients for the most popular monitoring systems, allowing you to instrument your JVM-based application code without vendor lock-in.","rgb(17, 122, 113)",2220
3002,4,Micronaut,Services##Logic Services##Business Logic##Micronaut,"A modern, JVM-based, full-stack framework for building modular, easily testable microservice and serverless applications.","rgb(96, 96, 96)",2220
3027,4,Microsoft Code Analysis,Services##Logic Services##Business Logic##Microsoft Code Analysis,"Microsoft Code Analysis is a suite of tools and libraries provided by Microsoft to analyze and improve code quality, detect code defects, and ensure adherence to coding standards in software projects","rgb(121, 26, 62)",2220
54,4,Microsoft Data,Services##Logic Services##Business Logic Communication##Microsoft Data,Microsoft Data,"rgb(148, 0, 255)",2221
4024,4,Microsoft EWS,Services##Logic Services##Business Logic##Microsoft EWS,"Microsoft Exchange Web Services (EWS) Managed API, a .NET library that facilitates communication with Microsoft Exchange servers. It provides a comprehensive, object-oriented interface for accessing and managing Exchange data, including emails, calendars, contacts, tasks, and more","rgb(160, 19, 155)",2220
4056,4,Microsoft Excel Libs,Services##Logic Services##Business Logic##Microsoft Excel Libs,"Python tools that enable reading, writing, and manipulating Excel files (.xls and .xlsx), supporting data processing, formatting, and automation of spreadsheet tasks within Python applications.","rgb(202, 28, 28)",2220
58,4,Microsoft Identity,Services##Logic Services##Business Logic##Microsoft Identity,Microsoft Identity Frameworks,"rgb(148, 0, 255)",2220
41,4,Microsoft OData,Services##Logic Services##Business Logic Communication##Microsoft OData,Microsoft OData,"rgb(148, 0, 255)",2221
3739,4,Microsoft Report Viewer,Services##Output Services##Reporting Services##Microsoft Report Viewer,Microsoft Report Viewer is a reporting tool from Microsoft that allows embedding and displaying SQL Server Reporting Services (SSRS) reports and local RDLC reports in Windows and ASP.NET applications.,"rgb(36, 45, 112)",2264
4023,4,Microsoft Rest,Services##Logic Services##Business Logic Communication##Microsoft Rest,"Part of the Microsoft.Rest.ClientRuntime library, a foundational component used by older Azure SDKs and tools like AutoRest to facilitate HTTP-based communication with RESTful services","rgb(27, 238, 168)",2221
1814,4,Microsoft SDK for JS-TS,Services##Logic Services##Business Logic##Microsoft SDK for JS-TS,All Microsoft libraries for Javascript and Typescript,"rgb(0, 86, 214)",2220
1379,4,Microsoft SDK for Java,Services##Logic Services##Business Logic##Microsoft SDK for Java,Various Microsoft Java Client API.,"rgb(55, 26, 148)",2220
68,4,Microsoft SQL Server for .NET,Services##Logic Services##Data Access Services##Microsoft SQL Server for .NET,Microsoft SQL Server is a relational database management system developed by Microsoft.,"rgb(122, 122, 122)",2225
386,4,Microsoft SQL Server fro Java,Services##Logic Services##Data Access Services##Microsoft SQL Server fro Java,Microsoft SQL Server is a relational database management system developed by Microsoft.,"rgb(227, 36, 0)",2225
3282,4,Microsoft SharePoint,Services##Output Services##Reporting Services##Microsoft SharePoint,"The SharePoint Framework (SPFx) is a page and web part model that provides full support for client-side SharePoint development, easy integration with SharePoint data, and extending Microsoft Teams and Microsoft Viva. With the SharePoint Framework, you can use modern web technologies and tools in your preferred development environment to build productive experiences and apps that are responsive and mobile-ready.","rgb(150, 40, 60)",2264
3168,4,MiniProfiler,Services##Logic Services##Business Logic##MiniProfiler,A simple but effective mini-profiler for ASP.NET (and Core) websites.,"rgb(227, 36, 0)",2220
2131,4,Missing RDBMS,Data Services##Database Services##RDBMS Services##Missing RDBMS,"Detected RDBMS Schema, Tables, Procedures from the client-side source code","rgb(198, 198, 198)",2263
4099,4,Mocha,Services##Logic Services##Business Logic##Mocha,"Mocha is a feature-rich JavaScript test framework running on Node.js and in the browser, making asynchronous testing simple and fun.","rgb(120, 87, 0)",2220
3042,4,Mock Server,Services##Logic Services##Business Logic##Mock Server,Easy mocking of any system you integrate with via HTTP or HTTPS,"rgb(181, 26, 0)",2220
3041,4,MockFtpServer,Services##Logic Services##Business Logic##MockFtpServer,The MockFtpServer project provides mock/dummy FTP server implementations that can be very useful for testing of FTP client code.,"rgb(154, 36, 79)",2220
567,4,Mockito,Services##Logic Services##Business Logic##Mockito,Tasty mocking framework for unit tests in Java,"rgb(181, 26, 0)",2220
477,4,MojoHaus,Services##Logic Services##Business Logic##MojoHaus,The MojoHaus project is a collection of plugins for Apache Maven.,"rgb(181, 26, 0)",2220
419,4,MomentJS,Services##Logic Services##Business Logic##MomentJS,"Parse, validate, manipulate,
and display dates and times in JavaScript.","rgb(150, 211, 95)",2220
1859,4,MongoDB,Data Services##Database Services##NoSQL Services##MongoDB,MongoDB,"rgb(11, 178, 11)",2261
48,4,MongoDB for .NET,Services##Logic Services##Data Access Services##MongoDB for .NET,MongoDB SDK for .NET,"rgb(24, 214, 104)",2225
363,4,MongoDB for JS-TS,Services##Logic Services##Data Access Services##MongoDB for JS-TS,All SDKs to supply MongoDB access through Javascript and Typescript,"rgb(102, 156, 53)",2225
135,4,MongoDB for Java,Services##Logic Services##Data Access Services##MongoDB for Java,MongoDB SDK for Java,"rgb(102, 156, 53)",2225
1795,4,MongoDB for Python,Services##Logic Services##Data Access Services##MongoDB for Python,Libraries/SDK used to access MongoDB using Python client,"rgb(119, 187, 65)",2225
3174,4,Moq,Services##Logic Services##Business Logic##Moq,Moq is the most popular and friendly mocking framework for .NET.,"rgb(79, 122, 40)",2220
3925,4,MuleSoft for Java,Services##Logic Services##Business Logic##MuleSoft for Java,Access MuleSoft services using Java SDK,"rgb(0, 163, 215)",2220
3263,4,MyBatis for .NET,Services##Logic Services##Data Access Services##MyBatis for .NET,All packages using MyBatis/iBatis for .NET,"rgb(97, 23, 124)",2225
123,4,MyBatis for Java,Services##Logic Services##Data Access Services##MyBatis for Java,MyBatis SQL mapper framework for Java.,"rgb(79, 85, 3)",2225
605,4,MySQL MariaDB for JS-TS,Services##Logic Services##Data Access Services##MySQL MariaDB for JS-TS,All JS/TS SDK used to connect to MySQL/MariaDB databases,"rgb(0, 140, 180)",2225
1794,4,MySQL SDK for Python,Services##Logic Services##Data Access Services##MySQL SDK for Python,All libraries used to access MySQL database from Python client.,"rgb(0, 140, 180)",2225
144,4,MySQL and MariaDB for Java,Services##Logic Services##Data Access Services##MySQL and MariaDB for Java,MySQL and MariaDB SDKs/Libraries for Java,"rgb(58, 136, 254)",2225
32,4,MySQL for .NET,Services##Logic Services##Data Access Services##MySQL for .NET,MySQL SDKs/Libraries for .NET.,"rgb(0, 140, 180)",2225
35,4,NHibernate,Services##Logic Services##Data Access Services##NHibernate,NHibernate frameworks.,"rgb(122, 74, 0)",2225
4018,4,NING,Services##Logic Services##Business Logic Communication##NING,Async Http Client library purpose is to allow Java applications to easily execute HTTP requests and asynchronously process the HTTP responses.,"rgb(83, 213, 98)",2221
3917,4,NLTK,Services##Logic Services##Business Logic##NLTK,"NLTK (Natural Language Toolkit) is a suite of libraries and tools for processing natural language text, providing utilities for tokenization, stemming, parsing, and more.","rgb(42, 187, 157)",2220
49,4,NLog,Services##Logic Services##Business Logic##NLog,Flexible & free open-source logging for .NET,"rgb(255, 147, 0)",2220
498,4,NPM,Services##Logic Services##Business Logic##NPM,npm is the world's largest javascript/typescript software registry.,"rgb(227, 36, 0)",2220
3466,4,NPOI,Services##Logic Services##Business Logic##NPOI,"a .NET library that can read/write Office formats without Microsoft Office installed. No COM+, no interop.","rgb(181, 26, 0)",2220
3454,4,NPoco,Services##Logic Services##Data Access Services##NPoco,Simple microORM that maps the results of a query onto a POCO object.,"rgb(154, 36, 79)",2225
3167,4,NServiceBus,System Interaction##Communication Services##Messaging Services##NServiceBus,"Build, version, and monitor better microservices with the most powerful service platform for .NET","rgb(0, 86, 214)",2253
4025,4,NSubstitute,Services##Logic Services##Business Logic##NSubstitute,"NSubstitute is a friendly and intuitive mocking framework for .NET. It allows to create test doubles—like mocks, stubs, and spies—for interfaces and virtual methods, making unit testing easier and cleaner. It's especially popular in unit tests written in C# using xUnit, NUnit, or MSTest.","rgb(219, 102, 215)",2220
3176,4,NUnit,Services##Logic Services##Business Logic##NUnit,"NUnit features a fluent assert syntax, parameterized, generic and theory tests and is user-extensible.","rgb(56, 87, 26)",2220
461,4,Nabto Edge Utililty,Services##Logic Services##Business Logic Communication##Nabto Edge Utililty,Nabto Edge Utility is a software tool used to configure and manage devices running the Nabto Edge software platform. The Nabto Edge platform is a secure and scalable solution for remote access and management of IoT devices and applications.,"rgb(160, 46, 46)",2221
167,4,Narayana,Services##Logic Services##Business Logic##Narayana,Narayana is a transactions toolkit which provides support for applications developed using a broad range of standards-based transaction protocols.,"rgb(68, 68, 68)",2220
497,4,NativeScript,Services##Logic Services##Business Logic##NativeScript,Empower JavaScript with native APIs.,"rgb(77, 34, 179)",2220
486,4,Nebular,Services##Logic Services##Business Logic##Nebular,"Nebular is a customizable Angular UI library that contains 40+ UI components, four visual themes, and Auth and Security modules.","rgb(0, 109, 143)",2220
3772,4,Neo4j Java Driver,Services##Logic Services##Business Logic##Neo4j Java Driver,Access to the Neo4j graph database through Java,"rgb(0, 66, 170)",2220
229,4,NestJS,Services##Logic Services##Business Logic##NestJS,"A progressive Node.js framework for building efficient, reliable and scalable server-side applications","rgb(234, 40, 69)",2220
139,4,Netflix,Services##Logic Services##Business Logic##Netflix,Netflix Open Source Platform.,"rgb(181, 26, 0)",2220
78,4,Netty,Services##Logic Services##Business Logic##Netty,Netty is an asynchronous event-driven network application framework for rapid development of maintainable high performance protocol servers & clients.,"rgb(96, 96, 96)",2220
209,4,Network Data Mover (NDM) Utility,Services##Logic Services##Business Logic Communication##Network Data Mover (NDM) Utility,Transfers files between mainframe computers and/or midrange computers,"rgb(0, 0, 0)",2221
34,4,Newtonsoft JSON,Services##Logic Services##Business Logic##Newtonsoft JSON,Popular high-performance JSON framework for .NET.,"rgb(148, 0, 255)",2220
366,4,NextJS,User Interaction##Web Interaction##Web Presentation##NextJS,"Next.js gives you [...] all the features you need for production: hybrid static & server rendering, TypeScript support, smart bundling, route pre-fetching, and more","rgb(119, 187, 65)",2278
1358,4,NgRx,Services##Logic Services##Business Logic##NgRx,Reactive State for Angular.,"rgb(131, 17, 0)",2220
19,4,Node.js,Services##Logic Services##Business Logic##Node.js,The back-end stack is a web application,"rgb(150, 211, 95)",2220
2148,4,NodeJS Business Logic,Services##Logic Services##Business Logic##NodeJS Business Logic,NodeJS Business Logic,"rgb(6, 128, 35)",2220
2150,4,NodeJS Communication,User Interaction##Web Interaction##Web Communication##NodeJS Communication,NodeJS Communication,"rgb(6, 128, 35)",2275
2152,4,NodeJS Data Access,Services##Logic Services##Data Access Services##NodeJS Data Access,NodeJS Data Access,"rgb(6, 128, 35)",2225
2155,4,NodeJS Exposed Services,System Interaction##Communication Services##Exposed API##NodeJS Exposed Services,All REST/SOAP/RPC services exposed from NodeJS,"rgb(6, 128, 35)",2231
3760,4,NodeMailer,Services##Logic Services##Business Logic##NodeMailer,Nodemailer is a module for Node.js applications that allows easy email sending.,"rgb(96, 96, 96)",2220
3458,4,Novell.Directory.Ldap,Services##Logic Services##Business Logic##Novell.Directory.Ldap,"LDAP Libraries for C# enables you to write applications that access, manage, and update information stored in Novell eDirectory™ or other LDAP-aware directories.
These classes are based on the IETF LDAP Java Application Program Interface.","rgb(181, 26, 0)",2220
269,4,Npgsql,Services##Logic Services##Data Access Services##Npgsql,.NET Access to PostgreSQL,"rgb(0, 86, 214)",2225
3894,4,NumPy,Services##Logic Services##Business Logic##NumPy,"NumPy is the fundamental library for numerical computing in Python. It provides support for multi-dimensional arrays, mathematical operations, and efficient data processing.","rgb(42, 187, 157)",2220
367,4,Nuxt.js,User Interaction##Web Interaction##Web Presentation##Nuxt.js,Nuxt is an open-source framework under MIT license for building modern and performant web applications that can be deployed on any platform running JavaScript.,"rgb(65, 184, 131)",2278
483,4,Nx,Services##Logic Services##Business Logic##Nx,"Nx is a smart, fast and extensible build system with first class monorepo support and powerful integrations.","rgb(111, 118, 8)",2220
4058,4,OAuth,Services##Logic Services##Business Logic##OAuth,"Python library that provides a generic and complete implementation of the OAuth 1 and OAuth 2 protocols, making it easy to add secure authorization flows to your applications","rgb(9, 113, 101)",2220
3380,4,OWASP,Services##Logic Services##Business Logic##OWASP,OWASP dependency-check is a software composition analysis utility that detects publicly disclosed vulnerabilities in application dependencies.,"rgb(0, 0, 0)",2220
2926,4,Oat++,Services##Logic Services##Business Logic##Oat++,An Open Source C++ Web Framework.,"rgb(96, 96, 96)",2220
466,4,Octokit,Services##Logic Services##Business Logic##Octokit,"The all-batteries-included GitHub SDK for Browsers, Node.js, and Deno.","rgb(79, 85, 3)",2220
3906,4,Odooku,Services##Logic Services##Business Logic##Odooku,"Odooku is a cloud-native deployment framework that adapts Odoo to run as a stateless, 12-factor app, ideal for platforms like Heroku or containerized environments.

This open-source project integrates Odoo with Django, providing a bridge between Odoo's ERP system and Django's web framework. It allows developers to seamlessly interact with Odoo models and data within Django applications, offering tools for building hybrid applications that leverage the strengths of both platforms","rgb(42, 187, 157)",2220
3029,4,Office Open XML,Services##Output Services##Reporting Services##Office Open XML,"The Open XML SDK provides tools for working with Office Word, Excel, and PowerPoint documents.","rgb(181, 26, 0)",2264
3233,4,OkHttp,Services##Logic Services##Business Logic Communication##OkHttp,HTTP is the way modern applications network. It’s how we exchange data & media.,"rgb(56, 87, 26)",2221
3096,4,Okta for Java,Services##Logic Services##Business Logic##Okta for Java,"Okta provides a comprehensive Java SDK that enables seamless integration of authentication, authorization, and user management functionalities into Java applications.","rgb(213, 132, 0)",2220
3210,4,OpCon Scheduler utility,Services##Logic Services##Business Logic##OpCon Scheduler utility,"OpCon workload automation platform
and job scheduler","rgb(240, 80, 20)",2220
64,4,Open Web Interface for .NET (OWIN),Services##Logic Services##Business Logic##Open Web Interface for .NET (OWIN),"OWIN allows web apps to be decoupled from web servers. It defines a standard way for middleware to be used in a pipeline to handle requests and associated responses. ASP.NET Core applications and middleware can interoperate with OWIN-based applications, servers, and middleware.","rgb(148, 0, 255)",2220
4107,4,OpenAI for JS-TS,Services##Logic Services##Business Logic##OpenAI for JS-TS,Official OpenAI API libraries,"rgb(68, 68, 68)",2220
3918,4,OpenCV,Services##Logic Services##Business Logic##OpenCV,"OpenCV (Open Source Computer Vision Library) is used for computer vision tasks, including image processing, video analysis, and machine learning for visual tasks.","rgb(42, 187, 157)",2220
412,4,OpenCensus,Services##Logic Services##Business Logic##OpenCensus,"OpenCensus is a set of libraries for various languages that allow you to collect application metrics and distributed traces, then transfer the data to a backend of your choice in real time","rgb(102, 156, 53)",2220
4046,4,OpenCensus,Services##Logic Services##Business Logic##OpenCensus,OpenCensus is a metrics and distributed tracing library for observability in cloud-native applications.,"rgb(105, 185, 247)",2220
145,4,OpenFeign,Services##Logic Services##Business Logic Communication##OpenFeign,Feign makes writing java http clients easier.,"rgb(102, 156, 53)",2221
3481,4,OpenOffice for Java,Services##Logic Services##Business Logic##OpenOffice for Java,Java SDK for OpenOffice for Java,"rgb(123, 33, 159)",2220
3862,4,OpenPop.NET,Services##Logic Services##Business Logic##OpenPop.NET,"OpenPop.NET is an open source implementation of a POP3 client and a robust MIME parser written in C#.
     It allows developers easy access to email on a POP3 server in a matter of minutes.","rgb(154, 166, 14)",2220
591,4,OpenSAML-J,Services##Logic Services##Business Logic##OpenSAML-J,The OpenSAML-J library provides tools to support developers working with the Security Assertion Markup Language (SAML).,"rgb(0, 86, 214)",2220
3005,4,OpenTelemetry for .NET,Services##Application Services##Distributed Tracing##OpenTelemetry for .NET,All .NET libraries for OpenTelemetry,"rgb(0, 66, 170)",3061
496,4,OpenTelemetry for JS-TS,Services##Logic Services##Business Logic##OpenTelemetry for JS-TS,"OpenTelemetry JavaScript, Typescript Client","rgb(58, 136, 254)",2220
627,4,OpenTelemetry for Java,Services##Application Services##Distributed Tracing##OpenTelemetry for Java,"OpenTelemetry is an observability framework – an API, SDK, and tools that are designed to aid in the generation and collection of application telemetry data such as metrics, logs, and traces.","rgb(0, 86, 214)",3061
3909,4,OpenTelemetry for Python,Services##Logic Services##Business Logic##OpenTelemetry for Python,"OpenTelemetry is an open-source framework for collecting, processing, and exporting telemetry data (such as metrics, traces, and logs) from applications and services. It provides standardized APIs and libraries to help developers instrument their code, enabling observability across distributed systems","rgb(42, 187, 157)",2220
410,4,OpenTracing for Java,Services##Logic Services##Business Logic##OpenTracing for Java,"OpenTracing is comprised of an API specification, frameworks and libraries that have implemented the specification, and documentation for the project.","rgb(0, 140, 180)",2220
4076,4,OpenTracing for Python,Services##Logic Services##Business Logic##OpenTracing for Python,"OpenTracing is a vendor-neutral API for distributed tracing, which helps you track requests as they flow through microservices or components. While OpenTracing is now merged into OpenTelemetry, it’s still used in some existing systems and integrations.","rgb(0, 140, 180)",2220
416,4,OpenZipkin for Java,Services##Application Services##Distributed Tracing##OpenZipkin for Java,Zipkin is a distributed tracing system. It helps gather timing data needed to troubleshoot latency problems in service architectures. Features include both the collection and lookup of this data.,"rgb(255, 106, 0)",3061
518,4,Opencsv,Services##Output Services##Reporting Services##Opencsv,A simple library for reading and writing CSV in Java,"rgb(181, 26, 0)",2264
3645,4,Openhtmltopdf,Services##Output Services##Reporting Services##Openhtmltopdf,"com.openhtmltopdf is a Java library that converts HTML and CSS into PDF documents using a headless rendering engine. It is commonly used for generating PDFs from web content, reports, and templates while supporting modern CSS styles, JavaScript, and images.","rgb(247, 187, 59)",2264
3630,4,Opensagres XDocReport,Services##Output Services##Reporting Services##Opensagres XDocReport,"Java library for generating and merging reports using document formats like DOCX and ODT. It allows developers to populate templates with data using simple syntax (e.g., Freemarker or Velocity) and export them to formats like PDF.","rgb(24, 197, 220)",2264
506,4,Oracle Database for JS-TS,Services##Logic Services##Data Access Services##Oracle Database for JS-TS,Node.js modules for Oracle Database Access from JavaScript and TypeScript,"rgb(227, 36, 0)",2225
3291,4,Oracle Documerge Utility,Services##Logic Services##Data Access Services##Oracle Documerge Utility,Oracle Documerge Utility,"rgb(240, 80, 20)",2225
1821,4,Oracle Forms,Services##Logic Services##Business Logic##Oracle Forms,Oracle Forms,"rgb(223, 18, 18)",2220
3537,4,Oracle Forms Presentation,User Interaction##Screen Interaction##Rich Client Presentation##Oracle Forms Presentation,Oracle Forms Presentation,"rgb(122, 40, 0)",2266
1860,4,Oracle PLSQL,Data Services##Database Services##RDBMS Services##Oracle PLSQL,Oracle Database Technologies,"rgb(241, 8, 8)",2263
3580,4,Oracle Report,Services##Output Services##Reporting Services##Oracle Report,Oracle Report,"rgb(223, 18, 18)",2264
170,4,Oracle SDKs for Java,Services##Logic Services##Business Logic##Oracle SDKs for Java,Oracle SDKs/Libraries for Java.,"rgb(181, 26, 0)",2220
3293,4,Oracle Virtual Storage Manager Utility,Services##Logic Services##Data Access Services##Oracle Virtual Storage Manager Utility,"Virtual Storage Manager (VSM) is StorageTek's virtual storage solution to the
problem of inefficient use of tape media and transports.","rgb(240, 80, 20)",2225
336,4,Oracle WebLogic for Java,Services##Logic Services##Business Logic##Oracle WebLogic for Java,Specific Java components designed for applications running on Oracle WebLogic Server.,"rgb(217, 80, 0)",2220
452,4,Oracle WebServices,Services##Logic Services##Business Logic##Oracle WebServices,Oracle WebServices,"rgb(255, 64, 19)",2220
42,4,Oracle for .NET,Services##Logic Services##Data Access Services##Oracle for .NET,Oracle SDKs/Libraries for .NET.,"rgb(227, 36, 0)",2225
574,4,OrmLite,Services##Logic Services##Data Access Services##OrmLite,"Object Relational Mapping Lite (ORM Lite) provides some simple, lightweight functionality for persisting Java objects to SQL databases while avoiding the complexity and overhead of more standard ORM packages.","rgb(181, 26, 0)",2225
3646,4,PDF Clown,Services##Output Services##Reporting Services##PDF Clown,Open Source PDF Library for .NET,"rgb(116, 152, 236)",2264
3707,4,Pandas,Services##Logic Services##Business Logic##Pandas,"pandas is a fast, powerful, flexible and easy to use open source data analysis and manipulation tool","rgb(44, 19, 118)",2220
489,4,Passport,Services##Application Services##Authentication Services##Passport,"Simple, unobtrusive authentication for Node.js","rgb(0, 98, 22)",3056
182,4,PayPal SDK for Java,Services##Logic Services##Business Logic##PayPal SDK for Java,PayPal SDK for Java,"rgb(58, 136, 254)",2220
50,4,PayPal for .NET,Services##Logic Services##Business Logic##PayPal for .NET,PayPal SDK for .NET,"rgb(0, 66, 170)",2220
3976,4,Pdfminer.six,Services##Output Services##Reporting Services##Pdfminer.six,"Pdfminer.six is a community maintained fork of the original PDFMiner. It is a tool for extracting information from PDF documents. It focuses on getting and analyzing text data. Pdfminer.six extracts the text from a page directly from the sourcecode of the PDF. It can also be used to get the exact location, font or color of the text.","rgb(42, 187, 157)",2264
3394,4,PetaPoco,Services##Logic Services##Data Access Services##PetaPoco,PetaPoco is a tiny & fast micro-ORM for .NET,"rgb(150, 0, 250)",2225
1813,4,Petals,Services##Logic Services##Business Logic##Petals,Petals ESB is an open-source Enterprise Service Bus (ESB).,"rgb(0, 140, 180)",2220
4028,4,Plotly,Services##Logic Services##Business Logic##Plotly,Plotly Open Source Graphing Library for Python,"rgb(36, 115, 219)",2220
4011,4,PnPJS,Services##Logic Services##Business Logic##PnPJS,Fluent JavaScript API for SharePoint and Microsoft Graph REST APIs,"rgb(56, 87, 26)",2220
2923,4,Poco,Services##Logic Services##Business Logic##Poco,"The POCO C++ Libraries are powerful cross-platform C++ libraries for building network- and internet-based applications that run on desktop, server, mobile, IoT, and embedded systems.","rgb(0, 109, 143)",2220
3172,4,Polly,Services##Output Services##Reporting Services##Polly,"Polly is a .NET resilience and transient-fault-handling library that allows developers to express policies such as Retry, Circuit Breaker, Timeout, Bulkhead Isolation, and Fallback in a fluent and thread-safe manner","rgb(77, 34, 179)",2264
3414,4,Polymer for JS-TS,Services##Logic Services##Business Logic##Polymer for JS-TS,The Polymer library provides a set of features for creating custom elements.,"rgb(97, 23, 124)",2220
4012,4,Popmotion,Services##Logic Services##Business Logic##Popmotion,The animator’s JavaScript toolbox.,"rgb(255, 64, 255)",2220
1808,4,PostgreSQL JDBC Driver,Services##Logic Services##Data Access Services##PostgreSQL JDBC Driver,"PostgreSQL SDK/Libraries for Java
pgJDBC provides a reasonably complete implementation of the JDBC specification in addition to some PostgreSQL specific extensions.","rgb(0, 109, 143)",2225
511,4,PostgreSQL for JS-TS,Services##Logic Services##Data Access Services##PostgreSQL for JS-TS,All libraries used to access PostgreSQL database from JavaScript and TypeScript.,"rgb(0, 97, 255)",2225
1803,4,PostgreSQL for Python,Services##Logic Services##Data Access Services##PostgreSQL for Python,Set of PostgreSQL client libraries for Python,"rgb(0, 109, 143)",2225
516,4,PowerMock,Services##Logic Services##Business Logic##PowerMock,PowerMock is a Java framework that allows you to unit test code normally regarded as untestable.,"rgb(123, 8, 217)",2220
3473,4,Preact,Services##Logic Services##Business Logic##Preact,Fast 3kB alternative to React with the same modern API,"rgb(123, 33, 159)",2220
393,4,PrimeFaces,User Interaction##Web Interaction##Web Presentation##PrimeFaces,"PrimeFaces is a popular open source framework for JavaServer Faces featuring over 100 components, touch optimized mobilekit, client side validation, theme engine and more.","rgb(0, 86, 214)",2278
3780,4,Prism,User Interaction##Screen Interaction##Rich Client Presentation##Prism,"Prism is a framework for building loosely coupled, maintainable, and testable XAML applications in WPF, Xamarin Forms, Uno Platform and WinUI. Separate releases are available for each platform and those will be developed on independent timelines. Prism provides an implementation of a collection of design patterns that are helpful in writing well-structured and maintainable XAML applications, including MVVM, dependency injection, commands, EventAggregator, and others. Prism's core functionality is a shared code base supported in .NET Standard 2.0, .NET Framework 4.6 / 4.7, and .NET6.0/.NET8.0. Those things that need to be platform specific are implemented in the respective libraries for the target platform. Prism also provides great integration of these patterns with the target platform.","rgb(154, 166, 14)",2266
3399,4,Prisma,Services##Logic Services##Data Access Services##Prisma,"Prisma is a next-generation ORM that consists of these tools:

Prisma Client: Auto-generated and type-safe query builder for Node.js & TypeScript
Prisma Migrate: Declarative data modeling & migration system
Prisma Studio: GUI to view and edit data in your database
Prisma Client can be used in any Node.js or TypeScript backend application (including serverless applications and microservices). This can be a REST API, a GraphQL API, a gRPC API, or anything else that needs a database.","rgb(0, 60, 20)",2225
495,4,Progress Kendo UI,User Interaction##Web Interaction##Web Presentation##Progress Kendo UI,"Kendo UI is a bundle of four JavaScript UI libraries built natively for jQuery, Angular, React and Vue.","rgb(0, 249, 0)",2278
3961,4,Progress Kendo UI for .NET,User Interaction##Web Interaction##Web Presentation##Progress Kendo UI for .NET,"Kendo UI is a bundle of four JavaScript UI libraries built natively for jQuery, Angular, React and Vue.","rgb(0, 249, 0)",2278
164,4,Projectreactor,Services##Logic Services##Business Logic##Projectreactor,"Reactor is a fourth-generation reactive library, based on the Reactive Streams specification, for building non-blocking applications on the JVM.","rgb(119, 187, 65)",2220
3009,4,Prometheus for .NET,Services##Application Services##Monitoring Alerting##Prometheus for .NET,All libraries to access Prometheus service with .NET,"rgb(255, 98, 81)",3060
407,4,Prometheus for Java,Services##Application Services##Monitoring Alerting##Prometheus for Java,Prometheus is an open-source systems monitoring and alerting toolkit originally built at SoundCloud.,"rgb(227, 36, 0)",3060
4041,4,Protobuf,Services##Logic Services##Business Logic##Protobuf,"protobuf is a cross-platform serialization library that defines data structures in .proto files and compiles them into efficient, compact, strongly-typed binary formats for fast communication or storage.","rgb(32, 27, 100)",2220
3889,4,PyCrypto,Services##Logic Services##Build Services##PyCrypto,"PyCrypto is a deprecated Python library for cryptographic operations. It was replaced by PyCryptodome, which is a drop-in replacement with security updates and additional features.","rgb(18, 133, 171)",1951
3890,4,PyCryptodome,Services##Logic Services##Build Services##PyCryptodome,"PyCryptodome is a modern, actively maintained replacement for PyCrypto, providing strong cryptographic algorithms for encryption, hashing, and authentication.","rgb(18, 133, 171)",1951
3974,4,PyJWT,Services##Logic Services##Business Logic##PyJWT,Python library which allows you to encode and decode JSON Web Tokens (JWT).,"rgb(42, 187, 157)",2220
3975,4,PyPDF2,Services##Output Services##Reporting Services##PyPDF2,"PyPDF2 is a free and open source pure-python PDF library capable of splitting, merging, cropping, and transforming the pages of PDF files","rgb(42, 187, 157)",2264
3914,4,PyTorch,Services##Logic Services##Business Logic##PyTorch,"PyTorch, developed by Facebook, is a popular deep-learning library that emphasizes flexibility and speed, with a dynamic computation graph and strong support for GPU acceleration. It's also the successor of Torch.","rgb(42, 187, 157)",2220
4036,4,PyYAML,Services##Logic Services##Business Logic##PyYAML,"PyYAML is a data serialization library, primarily used to read and write YAML files, especially for configuration and structured data exchange","rgb(9, 113, 101)",2220
3907,4,Pydantic,Services##Logic Services##Business Logic##Pydantic,"Pydantic is a data validation and settings management library for Python, primarily used for defining and validating data models. It is built on top of Python’s type annotations and provides automatic data parsing, validation, and serialization, ensuring that data adheres to the specified types and constraints","rgb(42, 187, 157)",2220
4049,4,Pygments,Services##Logic Services##Business Logic##Pygments,"Generic syntax highlighter suitable for use in code hosting, forums, wikis or other applications that need to prettify source code.","rgb(13, 145, 28)",2220
3897,4,Pylint,Services##Logic Services##Business Logic##Pylint,"Pylint is a Python static code analysis tool that checks for errors in Python code, enforces a coding standard, and provides suggestions to improve code quality. It helps ensure that your Python code follows best practices and adheres to guidelines like PEP 8.","rgb(0, 140, 180)",2220
8,4,Python,Services##Logic Services##Business Logic##Python,Python Libraries,"rgb(53, 114, 10)",2220
3972,4,Python Binary Data Services,Services##Logic Services##Business Logic##Python Binary Data Services,The modules provide some basic services operations for manipulation of binary data.,"rgb(42, 187, 157)",2220
3940,4,Python Concurrent Execution,Services##Logic Services##Business Logic##Python Concurrent Execution,Variety of specialized Python libraries for Concurrent Execution,"rgb(42, 187, 157)",2220
2175,4,Python Data Access,Services##Logic Services##Data Access Services##Python Data Access,Python Data Access,"rgb(6, 128, 35)",2225
3936,4,Python Data Compression and Archiving,Services##Logic Services##Business Logic##Python Data Compression and Archiving,Variety of specialized Python libraries for Data Compression and Archiving,"rgb(42, 187, 157)",2220
3935,4,Python Data Persistence,Services##Logic Services##Data Access Services##Python Data Persistence,Variety of specialized Python data in a persistent form on disk.,"rgb(42, 187, 157)",2225
3931,4,Python Data Types,Services##Logic Services##Business Logic##Python Data Types,"Variety of specialized data types such as dates and times, fixed-type arrays, heap queues, double-ended queues, and enumerations.","rgb(42, 187, 157)",2220
3968,4,Python Debugging and Profiling,Services##Logic Services##Business Logic##Python Debugging and Profiling,A variety of specialized Python libraries for Debugging and Profiling,"rgb(42, 187, 157)",2220
3969,4,Python Development Tools,Services##Logic Services##Business Logic##Python Development Tools,A variety of specialized Python libraries for Development Tools,"rgb(42, 187, 157)",2220
2176,4,Python Exposed Services,System Interaction##Communication Services##Exposed API##Python Exposed Services,All Python REST/SOAP/RPC exposed services,"rgb(6, 128, 35)",2231
3937,4,Python File Formats,Services##Logic Services##Business Logic##Python File Formats,Variety of specialized Python libraries for File Formats,"rgb(42, 187, 157)",2220
3934,4,Python File and Directory Access,Services##Logic Services##Data Access Services##Python File and Directory Access,"Variety of specialized File and Directory Access related Libraries for reading the properties of files, manipulating paths in a portable way, and creating temporary files","rgb(42, 187, 157)",2225
3933,4,Python Functional Programming,Services##Logic Services##Business Logic##Python Functional Programming,Variety of specialized Functional Programming related Libraries,"rgb(42, 187, 157)",2220
3939,4,Python Generic Operating System,Services##Logic Services##Business Logic##Python Generic Operating System,Variety of specialized Python libraries for Generic Operating System services,"rgb(42, 187, 157)",2220
4039,4,Python Imaging Library,Services##Logic Services##Business Logic##Python Imaging Library,"Python Imaging Libraries are tools for image processing, editing, and manipulation — used for opening, saving, transforming, filtering, and analyzing image files in many formats.","rgb(86, 78, 208)",2220
3950,4,Python Importing Modules,Services##Logic Services##Business Logic##Python Importing Modules,Variety of specialized Python libraries for Python Importing Modules,"rgb(42, 187, 157)",2220
3947,4,Python Internationalization,Services##Logic Services##Business Logic##Python Internationalization,Variety of specialized Python libraries for Internationalization,"rgb(42, 187, 157)",2220
3943,4,Python Internet Data Handling,Services##Logic Services##Business Logic Communication##Python Internet Data Handling,Variety of specialized Python libraries for Internet Data Handling,"rgb(42, 187, 157)",2221
3944,4,Python Internet Protocols,Services##Logic Services##Business Logic Communication##Python Internet Protocols,Variety of specialized Python libraries for  internet protocols and support for related technology.,"rgb(42, 187, 157)",2221
3951,4,Python Language Services,Services##Logic Services##Business Logic##Python Language Services,Variety of specialized Python libraries for Python Language Services,"rgb(42, 187, 157)",2220
4062,4,Python Linting Libs,Services##Logic Services##Business Logic##Python Linting Libs,"Python linting libraries like flake8, pylint, and ruff analyze code to detect style violations, potential bugs, and maintainability issues, helping enforce coding standards automatically.","rgb(9, 114, 159)",2220
3959,4,Python MS Windows Specific Services,Services##Logic Services##Business Logic##Python MS Windows Specific Services,Variety of specialized Python libraries for MS Windows Specific Services,"rgb(42, 187, 157)",2220
4079,4,Python Microsoft SQL Server Drivers,Services##Logic Services##Data Access Services##Python Microsoft SQL Server Drivers,Python library that uses Microsoft SQL Server drivers to provide a consistent interface for connecting and working with many types of databases.,"rgb(202, 28, 28)",2225
3945,4,Python Multimedia Services,Services##Logic Services##Business Logic##Python Multimedia Services,Variety of specialized Python libraries for Multimedia Services,"rgb(42, 187, 157)",2220
3942,4,Python Networking and Interprocess Communication,Services##Logic Services##Business Logic Communication##Python Networking and Interprocess Communication,Variety of specialized Python libraries for Networking and Interprocess Communication,"rgb(42, 187, 157)",2221
3932,4,Python Numeric and Mathematical,Services##Logic Services##Business Logic##Python Numeric and Mathematical,Variety of specialized numeric and math-related Libraries,"rgb(42, 187, 157)",2220
4065,4,Python ODBC Drivers,Services##Logic Services##Data Access Services##Python ODBC Drivers,Python library that uses ODBC drivers to provide a consistent interface for connecting and working with many types of databases.,"rgb(202, 28, 28)",2225
3948,4,Python Program Frameworks,Services##Logic Services##Business Logic##Python Program Frameworks,Variety of specialized Python libraries for Program Frameworks,"rgb(42, 187, 157)",2220
1799,4,Python REST Libs,Services##Logic Services##Business Logic Communication##Python REST Libs,Python HTTP REST libraries,"rgb(102, 156, 53)",2221
3949,4,Python Runtime Services,Services##Logic Services##Business Logic##Python Runtime Services,Variety of specialized Python libraries for Python Runtime Services,"rgb(42, 187, 157)",2220
4097,4,Python SFTP Libs,Services##Logic Services##Business Logic##Python SFTP Libs,Python libraries for SFTP (Secure File Transfer Protocol) — useful for uploading/downloading files over SSH.,"rgb(9, 114, 159)",2220
4096,4,Python Task Execution & Automation Tool,Services##Logic Services##Business Logic##Python Task Execution & Automation Tool,"Python task execution library, inspired by tools like make, fabric, and npm scripts. It allows rununig shell commands or Python functions as tasks from the command line.","rgb(42, 187, 157)",2220
3910,4,Python XML Processing,Services##Logic Services##Business Logic##Python XML Processing,Lightweight and super-convenient Python library that lets you convert XML into JSON and for processing and manipulating XML and HTML documents.,"rgb(42, 187, 157)",2220
162,4,QoS Logback,Services##Logic Services##Business Logic##QoS Logback,Logback is intended as a successor to the popular log4j project.,"rgb(217, 80, 0)",2220
2909,4,Qt,User Interaction##Screen Interaction##Rich Client Presentation##Qt,"Cross-platform framework & tools. Design, develop, test & deploy user interfaces & app","rgb(66, 205, 82)",2266
3708,4,Qt for Python,Services##Logic Services##Business Logic##Qt for Python,Qt for Python,"rgb(102, 156, 53)",2220
3013,4,Quarkus,Services##Logic Services##Business Logic##Quarkus,"A Kubernetes Native Java stack tailored for OpenJDK HotSpot and GraalVM, crafted from the best of breed Java libraries and standards.","rgb(0, 109, 143)",2220
589,4,Quartz,Services##Logic Services##Business Logic##Quartz,"Quartz is a job scheduling library that can be embedded in java applications with support for transactions, persistence, clustering and plugins.

","rgb(154, 36, 79)",2220
88,4,Querydsl,Services##Logic Services##Business Logic##Querydsl,Unified Queries for Java.,"rgb(217, 80, 0)",2220
1809,4,R2DBC,Services##Logic Services##Data Access Services##R2DBC,Reactive Relational Database Connectivity,"rgb(0, 77, 101)",2225
437,4,RACF Utility,Services##Logic Services##Business Logic##RACF Utility,Resource Access Control Facility (RACF),"rgb(190, 15, 15)",2220
415,4,REST-assured,Services##Logic Services##Business Logic##REST-assured,Testing and validating REST services in Java is harder than in dynamic languages such as Ruby and Groovy. REST Assured brings the simplicity of using these languages into the Java domain.,"rgb(102, 156, 53)",2220
152,4,RESThub for Spring,Services##Logic Services##Business Logic Communication##RESThub for Spring,RESThub is a stack based on Spring and Backbone.js designed to build HTML5 applications easily and efficiently.,"rgb(217, 80, 0)",2221
4059,4,RSA cryptography,Services##Logic Services##Business Logic##RSA cryptography,"rsa is a Python library for encryption, decryption, signing, and verifying messages using the RSA algorithm, one of the most widely used public-key cryptographic systems.","rgb(9, 113, 101)",2220
3215,4,RZO,Services##Logic Services##Business Logic##RZO,is a java centric implementation of the java service wrapper by tanuki (JSW). It aims at being mostly configuration compliant with the original. It should therefore be easy to switch from JSW to YAJSW.,"rgb(121, 26, 62)",2220
3078,4,RabbitMQ,System Interaction##Communication Services##Messaging Services##RabbitMQ,RabbitMQ is lightweight and easy to deploy on premises and in the cloud. It supports multiple messaging protocols and streaming.,"rgb(255, 102, 0)",2253
3097,4,RabbitMQ for .NET,System Interaction##Communication Services##Messaging Services##RabbitMQ for .NET,RabbitMQ is an open source message broker.,"rgb(255, 102, 0)",2253
1389,4,RabbitMQ for Java,System Interaction##Communication Services##Messaging Services##RabbitMQ for Java,RabbitMQ is an open source message broker.,"rgb(255, 102, 0)",2253
4112,4,Radix,Services##Logic Services##Business Logic##Radix,"Components, icons, and colors for building high‑quality, accessible UI. Free and open-source.","rgb(123, 33, 159)",2220
599,4,ReachUI,User Interaction##Web Interaction##Web Presentation##ReachUI,Reach UI seeks to become the accessible foundation of your React-based design system.,"rgb(0, 66, 170)",2278
513,4,React Native,User Interaction##Web Interaction##Web Presentation##React Native,"React Native combines the best parts of native development with React, a best-in-class JavaScript library for building user interfaces.","rgb(0, 163, 215)",2278
28,4,ReactJS,User Interaction##Web Interaction##Web Presentation##ReactJS,A JavaScript library for building user interfaces,"rgb(0, 199, 252)",2278
4073,4,Reactive Feign,Services##Logic Services##Business Logic Communication##Reactive Feign,Reactive Feign client inspired by https://github.com/OpenFeign project,,2221
411,4,ReactiveX for Java,Services##Logic Services##Business Logic##ReactiveX for Java,RxJava – Reactive Extensions for the JVM – a library for composing asynchronous and event-based programs using observable sequences for the Java VM.,"rgb(238, 4, 144)",2220
539,4,Reactor Netty,Services##Logic Services##Business Logic##Reactor Netty,TCP/HTTP/UDP/QUIC client/server with Reactor over Netty,"rgb(119, 187, 65)",2220
3526,4,Realm,User Interaction##Mobile Interaction##Mobile Data Access##Realm,"Realm is a mobile database that runs directly on phones, tablets or wearables. It supports all major mobile and desktop operating systems, such as iOS, Android, UWP, macOS, Linux, and Windows.","rgb(153, 41, 189)",2256
3090,4,Rebus,System Interaction##Communication Services##Messaging Services##Rebus,Simple and lean service bus implementation for .NET,"rgb(185, 45, 93)",2253
1797,4,Redis SDK for Python,Services##Logic Services##Data Access Services##Redis SDK for Python,"The Redis SDK for Python, known as redis-py, is a popular library providing a simple and powerful interface for interacting with a Redis database in Python applications.","rgb(0, 0, 0)",2225
1878,4,Redis for .NET,Services##Logic Services##Data Access Services##Redis for .NET,Redis SDK for .NET,"rgb(231, 27, 27)",2225
480,4,Redis for JS-TS,Services##Logic Services##Data Access Services##Redis for JS-TS,All libraries used to manage Redis connections.,"rgb(185, 45, 93)",2225
632,4,Redis for Java,Services##Logic Services##Data Access Services##Redis for Java,Connect your Java application to a Redis database,"rgb(185, 45, 93)",2225
428,4,Redux,User Interaction##Web Interaction##Web Presentation##Redux,Redux is a predictable state container for JavaScript apps.,"rgb(153, 41, 189)",2278
3362,4,Refit,User Interaction##Web Interaction##Web Communication##Refit,Refit is a popular library that allows us to interact with any HTTP-based Rest API using interfaces,"rgb(0, 140, 180)",2275
413,4,Resilience4j,Services##Logic Services##Business Logic##Resilience4j,Resilience4j is a fault tolerance library designed for Java8 and functional programming.,"rgb(255, 64, 19)",2220
148,4,RestFB,Services##Logic Services##Business Logic##RestFB,RestFB is a simple and flexible Facebook Graph API client written in Java.,"rgb(181, 26, 0)",2220
51,4,RestSharp,Services##Logic Services##Business Logic Communication##RestSharp,RestSharpis a popular open-source library for .NET that simplifies the process of consuming RESTful APIs by providing a fluent and easy-to-use interface for making HTTP requests and handling responses.,"rgb(148, 0, 255)",2221
1887,4,Restify,System Interaction##Communication Services##Exposed API##Restify,A Node.js web service framework optimized for building semantically correct RESTful web services ready for production use at scale.,"rgb(119, 187, 65)",2231
3234,4,Retrofit,Services##Logic Services##Business Logic Communication##Retrofit,A type-safe HTTP client for Android and Java,"rgb(102, 156, 53)",2221
3297,4,Rocket JCLPREP Utility,Services##Logic Services##Business Logic##Rocket JCLPREP Utility,"JCLPREP is a dynamic JCL management tool with the ability to perform fully customizable standards enforcement, JCL conversions and corrections, as well as comprehensive reporting and optional reformatting.","rgb(13, 118, 213)",2220
3298,4,Rocket Zara for zOS Utility,Services##Logic Services##Business Logic##Rocket Zara for zOS Utility,"Zara is an advanced mainframe tape management system that tracks the physical location, status and protects the contents of every volume. All information maintained by Zara is accessible through online displays as well as hard copy reports.","rgb(0, 0, 0)",2220
3216,4,Run Service,System Interaction##Communication Services##Business Process Services##Run Service,Run Service typically refers to a service or component that is actively running and providing some functionality or executing specific tasks,"rgb(122, 0, 80)",2223
4034,4,Runtime library,Services##Logic Services##Business Logic##Runtime library,"A Python runtime library is a module that provides functions and utilities which can be imported and used during program execution to support features like compatibility, standard operations, or enhanced functionality without requiring code transformation or compilation.","rgb(13, 145, 28)",2220
503,4,RxJS,Services##Logic Services##Business Logic##RxJS,Reactive Extensions Library for JavaScript,"rgb(255, 64, 255)",2220
1823,4,SAP,Services##Logic Services##Business Logic##SAP,,"rgb(72, 49, 216)",2220
3156,4,SAP Crystal Reports,Services##Output Services##Reporting Services##SAP Crystal Reports,"Crystal Reports is a business intelligence application used to design and generate reports from a wide range of data sources. It is developed by a company called Crystal Services, Inc., which was later acquired by Seagate Technology. Seagate subsequently merged with Business Objects in 2003, and Business Objects, in turn, was later acquired by SAP in 2007.","rgb(221, 149, 5)",2264
3690,4,SAP Data Access,Services##Logic Services##Data Access Services##SAP Data Access,,"rgb(108, 172, 104)",2225
3673,4,SAP Data Base,Data Services##Database Services##RDBMS Services##SAP Data Base,,"rgb(36, 42, 198)",2263
2194,4,SAP Exposed Services,System Interaction##Communication Services##Exposed API##SAP Exposed Services,All SAP REST/SOAP/RPC exposed services,"rgb(17, 53, 208)",2231
3678,4,SAP Presentation,User Interaction##Screen Interaction##Terminal Presentation##SAP Presentation,ABAP Processing and Selection Screens,"rgb(57, 94, 54)",2272
3676,4,SAP Transaction Processing,System Interaction##Transactional Services##SAP Transaction##SAP Transaction Processing,"Transaction processing in SAP is crucial for managing business processes such as order management, financial accounting, inventory control, and HR operations.","rgb(55, 214, 225)",2267
1385,4,SAPUI5,User Interaction##Web Interaction##Web Presentation##SAPUI5,"SAPUI5 and OpenUI5 provide frameworks to build enterprise-ready web applications, responsive to all devices, running on almost any browser of your choice.","rgb(0, 86, 214)",2278
3318,4,SAS Utility,Services##Logic Services##Business Logic##SAS Utility,"SAS (previously ""Statistical Analysis System"") is a statistical software suite developed by SAS Institute for data management, advanced analytics, multivariate analysis, business intelligence, criminal investigation, and predictive analytics.","rgb(13, 118, 213)",2220
2917,4,SDL,Services##Logic Services##Business Logic##SDL,"Simple DirectMedia Layer is a cross-platform development library designed to provide low level access to audio, keyboard, mouse, joystick, and graphics hardware via OpenGL and Direct3D.","rgb(0, 46, 122)",2220
181,4,SLF4J,Services##Logic Services##Business Logic##SLF4J,"The Simple Logging Facade for Java (SLF4J) serves as a simple facade or abstraction for various logging frameworks (e.g. java.util.logging, logback, log4j) allowing the end user to plug in the desired logging framework at deployment time.","rgb(217, 80, 0)",2220
3551,4,SPITAB Utility,Services##Logic Services##Business Logic##SPITAB Utility,The SPITAB software was designed to allow the manipulation and management of relational tables,"rgb(80, 150, 230)",2220
1793,4,SQLAlchemy,Services##Logic Services##Data Access Services##SQLAlchemy,SQLAlchemy is the Python SQL toolkit and Object Relational Mapper that gives application developers the full power and flexibility of SQL,"rgb(227, 36, 0)",2225
3368,4,SQLite for .NET,Services##Logic Services##Data Access Services##SQLite for .NET,All SQLite libraries for .NET,"rgb(61, 127, 81)",2225
611,4,SQLite for JS-TS,Services##Logic Services##Data Access Services##SQLite for JS-TS,Libraries used to query SQLite databases from Javascript and Typescript.,"rgb(0, 140, 180)",2225
3991,4,SQLite for Python,Services##Logic Services##Data Access Services##SQLite for Python,All SQLite sdks for Python,"rgb(0, 140, 180)",2225
3668,4,SSHJ,Services##Logic Services##Business Logic##SSHJ,SSHv2 library for Java,"rgb(181, 26, 0)",2220
2914,4,STL,Services##Logic Services##Business Logic##STL,"The Standard Template Library (STL) is a set of C++ template classes to provide common programming data structures and functions such as lists, stacks, arrays, etc. It is a library of container classes, algorithms, and iterators.","rgb(154, 36, 79)",2220
4092,4,STL Algorithms,Services##Logic Services##Business Logic##STL Algorithms,C/C++ Standard Algorithms library,"rgb(154, 36, 79)",2220
4081,4,STL Concepts,Services##Logic Services##Business Logic##STL Concepts,C/C++ Standard Concepts library,"rgb(154, 36, 79)",2220
4086,4,STL Concurrency,Services##Logic Services##Business Logic##STL Concurrency,C/C++ Standard Concurrency support library,"rgb(154, 36, 79)",2220
4095,4,STL Containers,Services##Logic Services##Business Logic##STL Containers,C/C++ Standard Containers library,"rgb(154, 36, 79)",2220
4082,4,STL Diagnostics,Services##Logic Services##Business Logic##STL Diagnostics,C/C++ Standard Diagnostics library,"rgb(154, 36, 79)",2220
4084,4,STL General Utilities,Services##Logic Services##Business Logic##STL General Utilities,C/C++ Standard General utilities library,"rgb(154, 36, 79)",2220
4087,4,STL IO,Services##Logic Services##Business Logic##STL IO,C/C++ Standard Input/output library,"rgb(154, 36, 79)",2220
4094,4,STL Iterators,Services##Logic Services##Business Logic##STL Iterators,C/C++ Standard Iterators library,"rgb(154, 36, 79)",2220
4080,4,STL Language,Services##Logic Services##Business Logic##STL Language,C/C++ Standard Language support library,"rgb(154, 36, 79)",2220
4083,4,STL Memory Management,Services##Logic Services##Business Logic##STL Memory Management,C/C++ Standard Memory management library,"rgb(154, 36, 79)",2220
4098,4,STL Metaprogramming,Services##Logic Services##Business Logic##STL Metaprogramming,C/C++ Standard Metaprogramming library,"rgb(154, 36, 79)",2220
4089,4,STL Numerics,Services##Logic Services##Business Logic##STL Numerics,C/C++ Standard Numerics library,"rgb(154, 36, 79)",2220
4093,4,STL Ranges,Services##Logic Services##Business Logic##STL Ranges,C/C++ Standard Ranges library,"rgb(154, 36, 79)",2220
4091,4,STL Strings,Services##Logic Services##Business Logic##STL Strings,C/C++ Standard Strings library,"rgb(154, 36, 79)",2220
4090,4,STL Text processing,Services##Logic Services##Business Logic##STL Text processing,C/C++ Standard Text processing library,"rgb(154, 36, 79)",2220
4074,4,STL Time,Services##Logic Services##Business Logic##STL Time,C/C++ Standard Time Library,"rgb(121, 26, 62)",2220
463,4,SVGR,User Interaction##Web Interaction##Web Presentation##SVGR,A complete tool box to take advantage of using SVGs in your React applications.,"rgb(255, 106, 0)",2278
1891,4,Sails,Services##Logic Services##Business Logic##Sails,,"rgb(12, 154, 86)",2220
582,4,Saxon,Services##Logic Services##Business Logic##Saxon,The XSLT and XQuery Processor,"rgb(181, 26, 0)",2220
1845,4,Scala,Services##Logic Services##Business Logic##Scala,Scala framework ecosystem,"rgb(174, 32, 32)",2220
3921,4,SciPy,Services##Logic Services##Business Logic##SciPy,SciPy builds on NumPy and provides a collection of algorithms and high-level commands for scientific computing and data analysis.,"rgb(42, 187, 157)",2220
3924,4,Scikit,Services##Logic Services##Business Logic##Scikit,"Scikit-learn (often simply referred to as scikit) is a powerful and widely-used Python library for machine learning. It provides simple and efficient tools for data mining and data analysis, built on top of other scientific libraries like NumPy, SciPy, and matplotlib.","rgb(42, 187, 157)",2220
3919,4,Seaborn,Services##Logic Services##Business Logic##Seaborn,"Seaborn is a data visualization library built on top of Matplotlib, providing a high-level interface for creating attractive and informative statistical graphics.","rgb(42, 187, 157)",2220
392,4,Seam,Services##Logic Services##Business Logic##Seam,Seam 2 is a powerful open source development platform for building rich Internet applications in Java.,"rgb(217, 80, 0)",2220
3028,4,Selenium for .NET,User Interaction##Web Interaction##Web Presentation##Selenium for .NET,"Selenium C# is used for automating web application testing. It allows developers and testers to write scripts in C# language to simulate user interactions with a web application, test its functionality, and verify that it behaves as expected. With Selenium C#, you can automate repetitive tasks, catch and debug errors early, and ensure the quality and reliability of your web application.","rgb(181, 26, 0)",2278
562,4,Selenium for Java,Services##Logic Services##Business Logic##Selenium for Java,"Selenium is an umbrella project for a range of tools and libraries that enable and support the automation of web browsers.

It provides extensions to emulate user interaction with browsers, a distribution server for scaling browser allocation, and the infrastructure for implementations of the W3C WebDriver specification that lets you write interchangeable code for all major web browsers.","rgb(181, 26, 0)",2220
1381,4,Sencha Ext JS,User Interaction##Web Interaction##Web Presentation##Sencha Ext JS,"Sencha Ext JS is the most comprehensive JavaScript framework for building data-intensive, cross-platform web and mobile applications for any modern device.","rgb(102, 156, 53)",2278
3771,4,SendGrid for .NET,System Interaction##Communication Services##Messaging Services##SendGrid for .NET,"SendGrid (also known as Twilio SendGrid) is a Denver, Colorado-based customer communication platform for transactional and marketing email.","rgb(154, 36, 79)",2253
2897,4,Seneca,Services##Logic Services##Business Logic##Seneca,Seneca is a microservices toolkit for Node.js.,"rgb(96, 96, 96)",2220
487,4,Sentry for JS-TS,Services##Logic Services##Business Logic##Sentry for JS-TS,Official Sentry SDKs for JavaScript,"rgb(79, 85, 3)",2220
625,4,Sentry for Java,Services##Application Services##Monitoring Alerting##Sentry for Java,Java Error and Performance Monitoring,"rgb(169, 104, 0)",3060
614,4,Sequelize,Services##Logic Services##Data Access Services##Sequelize,"Sequelize is a modern TypeScript and Node.js ORM for Oracle, Postgres, MySQL, MariaDB, SQLite and SQL Server, and more.","rgb(0, 109, 143)",2225
3290,4,Serena Compare Utility,Services##Logic Services##Business Logic##Serena Compare Utility,"The Serena® Merge Tool allows you to compare the differences between two (or more) files with a common ancestor or base file, accepting or rejecting the differences between them, and combine the changes into a new file or item revision. These files can be revisions of the same item or different items in Serena® Dimensions® CM, or files in your work area.","rgb(13, 118, 213)",2220
37,4,Serilog,Services##Logic Services##Business Logic##Serilog,"Flexible, structured events — log file convenience","rgb(255, 38, 0)",2220
3413,4,Serverless for JS-TS,Services##Logic Services##Business Logic##Serverless for JS-TS,All Serveless libraries,"rgb(0, 97, 255)",2220
3101,4,ServiceStack,Services##Logic Services##Business Logic##ServiceStack,"ServiceStack is a simple and fast alternative to WCF, MVC and Web API in one cohesive framework for all your services and web apps that's intuitive and Easy to use!","rgb(55, 26, 148)",2220
3283,4,Sharepoint,Services##Output Services##Reporting Services##Sharepoint,"https://www.nuget.org/packages/SharePoint.SpSet
https://www.nuget.org/packages/SharePoint.Libraries.Entity","rgb(55, 26, 170)",2264
2203,4,SignalR,System Interaction##Communication Services##Messaging Services##SignalR,SignalR communication,"rgb(57, 164, 231)",2253
462,4,SignalR for JS-TS,User Interaction##Web Interaction##Web Communication##SignalR for JS-TS,Microsoft and Azure SignalR libraries for Javascript and Typescript,"rgb(0, 199, 252)",2275
1378,4,SignalR for Java,System Interaction##Communication Services##Messaging Services##SignalR for Java,The Java client enables connecting to an ASP.NET Core SignalR server from Java code.,"rgb(0, 140, 180)",2253
3749,4,Silverlight,User Interaction##Screen Interaction##Rich Client Presentation##Silverlight,,"rgb(0, 140, 180)",2266
3747,4,Simple Data,Services##Logic Services##Data Access Services##Simple Data,"A light-weight, dynamic data access component for C# 4.0","rgb(123, 33, 159)",2225
3496,4,Simple Java Mail,Services##Logic Services##Business Logic##Simple Java Mail,Simple Java Mail is a mailing library with a super clean API,"rgb(185, 45, 93)",2220
4021,4,SimpleInjector,Services##Logic Services##Business Logic##SimpleInjector,"Dependency injection (DI) library for .NET applications. It supports various platforms, including .NET Core, Xamarin, Mono, and Universal apps, and integrates seamlessly with frameworks like ASP.NET Core, Web API, MVC, WCF, and more","rgb(5, 133, 90)",2220
3550,4,SmallRye,Services##Logic Services##Business Logic##SmallRye,"APIs and implementations tailored for Cloud development,
including, but not limited to, Eclipse MicroProfile","rgb(0, 109, 143)",2220
588,4,SnakeYAML,Services##Logic Services##Business Logic##SnakeYAML,YAML 1.1 parser and emitter for Java,"rgb(154, 36, 79)",2220
3114,4,Snowflake for Java,Services##Logic Services##Business Logic##Snowflake for Java,The Snowpark library provides an intuitive API for querying and processing data in a data pipeline.,"rgb(0, 109, 143)",2220
4050,4,Snowflake for Python,Services##Logic Services##Data Access Services##Snowflake for Python,The Snowflake Connector for Python provides an interface for developing Python applications that can connect to Snowflake and perform all standard operations,"rgb(9, 114, 159)",2225
3855,4,SoapCore,Services##Logic Services##Business Logic Communication##SoapCore,SOAP protocol middleware for ASP.NET Core,"rgb(61, 127, 81)",2221
3214,4,SoapUI,Services##Logic Services##Business Logic##SoapUI,SoapUI is a free and open source cross-platform functional testing solution for APIs and web services.,"rgb(170, 40, 60)",2220
3108,4,Socket.IO,Services##Logic Services##Business Logic##Socket.IO,Bidirectional and low-latency communication for every platform.,"rgb(0, 66, 170)",2220
3960,4,Software Packaging and Distribution,Services##Logic Services##Business Logic##Software Packaging and Distribution,Variety of specialized Python libraries for Software Packaging and Distribution,"rgb(42, 187, 157)",2220
3859,4,Solace PubSub+ Messaging API For Java,System Interaction##Communication Services##Messaging Services##Solace PubSub+ Messaging API For Java,"Solace (formerly Solace Systems) is a middleware company based in Kanata / Ottawa, Ontario, Canada, that manufactures and sells message-oriented middleware appliances and software that routes information between applications, devices and user interfaces.","rgb(64, 39, 185)",2253
1806,4,Solace for .NET,System Interaction##Communication Services##Messaging Services##Solace for .NET,"Solace PubSub+ Platform is a complete event streaming and management platform for the real-time enterprise. The Platform helps enterprises design, deploy, and manage event-driven architectures (EDAs) across hybrid cloud, multi-cloud, and IoT environments, so enterprises can be more integrated and event-driven.","rgb(55, 26, 170)",2253
638,4,Spark for Java,Services##Logic Services##Data Access Services##Spark for Java,org.spark-project,"rgb(0, 109, 143)",2225
3908,4,Sphinx,Services##Output Services##Reporting Services##Sphinx,"Sphinx is a popular Python documentation generator used to create intelligent and well-structured documentation for Python projects. It converts reStructuredText files into various output formats such as HTML, PDF, and LaTeX, making it ideal for creating software documentation","rgb(42, 187, 157)",2264
100,4,Spring,Services##Logic Services##Business Logic##Spring,"Spring makes programming Java quicker, easier, and safer for everybody. Spring’s focus on speed, simplicity, and productivity has made it the world's most popular Java framework.","rgb(102, 156, 53)",2220
3609,4,Spring AMQP,System Interaction##Communication Services##Messaging Services##Spring AMQP,The Spring AMQP project applies core Spring concepts to the development of AMQP-based messaging solutions. We provide a “template” as a high-level abstraction for sending and receiving messages.,"rgb(102, 156, 53)",2253
3610,4,Spring AMQP RabbitMQ,System Interaction##Communication Services##Messaging Services##Spring AMQP RabbitMQ,The Spring AMQP project applies core Spring concepts to the development of AMQP-based messaging solutions. We provide a “template” as a high-level abstraction for sending and receiving messages.,"rgb(102, 156, 53)",2253
3629,4,Spring AOP,Services##Logic Services##Business Logic##Spring AOP,Aspect-oriented Programming (AOP) complements Object-oriented Programming (OOP) by providing another way of thinking about program structure,"rgb(102, 156, 53)",2220
241,4,Spring Batch,Services##Logic Services##Business Logic##Spring Batch,"A lightweight, comprehensive batch framework designed to enable the development of robust batch applications vital for the daily operations of enterprise systems.","rgb(102, 156, 53)",2220
243,4,Spring Boot,Services##Logic Services##Business Logic##Spring Boot,"Spring Boot makes it easy to create stand-alone, production-grade Spring based Applications that you can just run","rgb(102, 156, 53)",2220
3655,4,Spring Boot Actuator,Services##Application Services##Monitoring Alerting##Spring Boot Actuator,"Spring Boot Actuator provides monitoring, health checks, and management endpoints for Spring Boot applications.","rgb(45, 185, 98)",3060
247,4,Spring Cloud,Services##Logic Services##Business Logic##Spring Cloud,"Spring Cloud provides tools for developers to quickly build some of the common patterns in distributed systems (e.g. configuration management, service discovery, circuit breakers, intelligent routing, micro-proxy, control bus, short lived microservices and contract testing).","rgb(102, 156, 53)",2220
3562,4,Spring Cloud AWS,Services##Logic Services##Business Logic##Spring Cloud AWS,Spring Cloud AWS simplifies using AWS managed services in a Spring and Spring Boot applications,"rgb(102, 156, 53)",2220
3560,4,Spring Cloud AWS S3,Data Services##Data File Services##DataSet Storage##Spring Cloud AWS S3,Spring Cloud AWS simplifies using AWS managed services in a Spring and Spring Boot applications,"rgb(102, 156, 53)",2229
3563,4,Spring Cloud AWS SES,System Interaction##Communication Services##Messaging Services##Spring Cloud AWS SES,Spring Cloud AWS simplifies using AWS managed services in a Spring and Spring Boot applications,"rgb(102, 156, 53)",2253
3561,4,Spring Cloud AWS SQS,System Interaction##Communication Services##Messaging Services##Spring Cloud AWS SQS,Spring Cloud AWS simplifies using AWS managed services in a Spring and Spring Boot applications,"rgb(102, 156, 53)",2253
3638,4,Spring Cloud Azure,Services##Logic Services##Business Logic##Spring Cloud Azure,Spring Cloud Azure simplifies using Azure managed services in a Spring and Spring Boot applications,"rgb(102, 156, 53)",2220
3664,4,Spring Cloud Circuit Breaker,Services##Logic Services##Business Logic##Spring Cloud Circuit Breaker,The Spring Cloud CircuitBreaker project contains implementations for Resilience4J and Spring Retry.,"rgb(102, 156, 53)",2220
3636,4,Spring Cloud GCP,Services##Logic Services##Business Logic##Spring Cloud GCP,Spring Cloud GCP simplifies using Google Cloud Platform managed services in a Spring and Spring Boot applications,"rgb(102, 156, 53)",2220
3657,4,Spring Cloud GCP PubSub,System Interaction##Communication Services##Messaging Services##Spring Cloud GCP PubSub,Spring Cloud GCP simplifies using GCP managed services in a Spring and Spring Boot applications,"rgb(102, 156, 53)",2253
3637,4,Spring Cloud GCP Storage,Data Services##Data File Services##DataSet Storage##Spring Cloud GCP Storage,Spring Cloud GCP simplifies using GCP managed services in a Spring and Spring Boot applications,"rgb(102, 156, 53)",2229
3658,4,Spring Cloud Netflix Eureka,Services##Logic Services##Business Logic Communication##Spring Cloud Netflix Eureka,Spring Cloud Netflix Eureka is a service discovery tool that allows microservices to register themselves and discover other services dynamically in a distributed system,"rgb(236, 24, 24)",2221
3662,4,Spring Cloud Netflix Hystrix,Services##Logic Services##Business Logic##Spring Cloud Netflix Hystrix,"Spring Cloud Netflix Hystrix is a fault tolerance library that helped handle failures in distributed systems by providing a circuit breaker pattern. It was commonly used in microservices to improve resiliency and prevent cascading failures.

Hystrix is now deprecated and has been replaced by Resilience4j in Spring Boot 2+.","rgb(236, 24, 24)",2220
3663,4,Spring Cloud Netflix Ribbon,Services##Logic Services##Business Logic##Spring Cloud Netflix Ribbon,"Spring Cloud Netflix Ribbon was a client-side load balancing library used in microservices architectures to distribute requests across multiple service instances. It worked with Spring Cloud Netflix Eureka for dynamic service discovery.

Ribbon is now deprecated and has been replaced by Spring Cloud LoadBalancer in Spring Boot 2.4+..

Hystrix is now deprecated and has been replaced by Resilience4j in Spring Boot 2+.","rgb(236, 24, 24)",2220
3661,4,Spring Cloud Netflix Zuul,Services##Logic Services##Business Logic##Spring Cloud Netflix Zuul,"Spring Cloud Netflix Zuul was a Java-based API Gateway that provided routing, load balancing, and security for microservices. It was deprecated in favor of Spring Cloud Gateway, but it's still used in older Spring Boot applications.","rgb(236, 24, 24)",2220
3666,4,Spring Cloud OpenFeign,Services##Logic Services##Business Logic Communication##Spring Cloud OpenFeign,"Spring Cloud OpenFeign is a declarative HTTP client for microservices that simplifies service-to-service communication by automatically handling REST calls, load balancing, and request serialization in Spring Boot applications.","rgb(50, 195, 60)",2221
246,4,Spring Data,Services##Logic Services##Data Access Services##Spring Data,"Spring Data provides a familiar and consistent, Spring-based programming model for data access while still retaining the special traits of the underlying data store","rgb(102, 156, 53)",2225
3552,4,Spring Data Cassandra,Services##Logic Services##Data Access Services##Spring Data Cassandra,Spring Data for Apache Cassandra offers a familiar interface to those who have used other Spring Data modules,"rgb(102, 156, 50)",2225
3616,4,Spring Data Couchbase,Services##Logic Services##Data Access Services##Spring Data Couchbase,Spring Data for Couchbase is part of the umbrella Spring Data project which aims to provide a familiar and consistent Spring-based programming model for new datastores while retaining store-specific features and capabilities.,"rgb(102, 156, 53)",2225
3619,4,Spring Data Elasticsearch,Services##Logic Services##Data Access Services##Spring Data Elasticsearch,Spring Data for Elasticsearch is part of the umbrella Spring Data project which aims to provide a familiar and consistent Spring-based programming model for for new datastores while retaining store-specific features and capabilities.,"rgb(102, 156, 53)",2225
3652,4,Spring Data For Azure Cosmos DB,Services##Logic Services##Data Access Services##Spring Data For Azure Cosmos DB,Spring Data For Azure Cosmos DB SQL API,"rgb(51, 108, 240)",2225
3618,4,Spring Data JDBC,Services##Logic Services##Data Access Services##Spring Data JDBC,"Spring Data JDBC, part of the larger Spring Data family, makes it easy to implement JDBC based repositories","rgb(102, 156, 53)",2225
3614,4,Spring Data JPA,Services##Logic Services##Data Access Services##Spring Data JPA,"Spring Data JPA, part of the larger Spring Data family, makes it easy to easily implement JPA-based (Java Persistence API) repositories.","rgb(102, 156, 53)",2225
3617,4,Spring Data LDAP,Services##Logic Services##Business Logic##Spring Data LDAP,Spring Data for Spring LDAP is part of the umbrella Spring Data project which aims to provide a familiar and consistent Repository abstractions for new Spring LDAP.,"rgb(102, 156, 53)",2220
3612,4,Spring Data MongoDB,Services##Logic Services##Data Access Services##Spring Data MongoDB,"Spring Data for MongoDB is part of the umbrella Spring Data providing integration with the MongoDB document database with a wide range of server and driver versions, offering a familiar and consistent Spring based programming model while retaining store specific features and capabilities.","rgb(102, 156, 53)",2225
3615,4,Spring Data Neo4j,Services##Logic Services##Business Logic##Spring Data Neo4j,"Spring Data Neo4j, part of the larger Spring Data family, provides easy configuration and access to Neo4j Graph Databases from Spring applications.","rgb(102, 156, 53)",2220
3611,4,Spring Data R2DBC,Services##Logic Services##Business Logic##Spring Data R2DBC,"Spring Data R2DBC, part of the larger Spring Data family, makes it easy to implement R2DBC based repositories.","rgb(102, 156, 53)",2220
3613,4,Spring Data Redis,Services##Logic Services##Data Access Services##Spring Data Redis,"Spring Data Redis, part of the larger Spring Data portfolio, provides easy configuration and access to Redis from Spring applications.","rgb(102, 156, 53)",2225
3633,4,Spring HATEOAS,Services##Logic Services##Business Logic##Spring HATEOAS,Spring HATEOAS provides some APIs to ease creating REST representations that follow the HATEOAS principle when working with Spring and especially Spring MVC,"rgb(102, 156, 53)",2220
3324,4,Spring Hibernate,Services##Logic Services##Data Access Services##Spring Hibernate,"The Spring Framework supports native Hibernate for resource management, data access object (DAO) implementations, and transaction strategies.","rgb(102, 156, 53)",2225
240,4,Spring Integration,Services##Logic Services##Business Logic##Spring Integration,Spring Integration enables lightweight messaging within Spring-based applications and supports integration with external systems via declarative adapters,"rgb(102, 156, 53)",2220
3242,4,Spring IoC,Services##Logic Services##Business Logic##Spring IoC,Spring Framework implementation of the Inversion of Control (IoC). IoC is also known as dependency injection (DI),"rgb(102, 156, 53)",2220
3346,4,Spring JDBC,Services##Logic Services##Data Access Services##Spring JDBC,Spring JDBC Template provides a fluent API that improves code simplicity and readability and the JDBC Template is used to connect to the database and execute SQL Queries.,"rgb(102, 156, 53)",2225
3604,4,Spring JMS,Services##Logic Services##Business Logic##Spring JMS,"JMS support package, including helper classes to send/receive JMS messages","rgb(102, 156, 53)",2220
245,4,Spring LDAP,Services##Application Services##Authentication Services##Spring LDAP,"Spring LDAP is a library to simplify LDAP programming in Java, built on the same principles as Spring Jdbc.","rgb(102, 156, 53)",3056
3605,4,Spring Messaging,System Interaction##Communication Services##Messaging Services##Spring Messaging,"Spring Messaging provides abstractions such as Message, MessageChannel, MessageHandler, and others to serve as a foundation for messaging-based applications. It also includes a set of annotations for mapping messages to methods.","rgb(102, 156, 53)",2253
1396,4,Spring Roo,Services##Logic Services##Business Logic##Spring Roo,"Spring Roo is an easy-to-use development tool for quickly building web applications in the Java programming language, which can be used as an standalone application or as an Eclipse or STS plugin. It allows you to build high-quality, high-performance, lock-in-free enterprise applications in just minutes.","rgb(0, 97, 255)",2220
244,4,Spring Security,Services##Logic Services##Business Logic##Spring Security,Spring Security is a powerful and highly customizable authentication and access-control framework. It is the de-facto standard for securing Spring-based applications.,"rgb(102, 156, 53)",2220
3659,4,Spring Web,Services##Logic Services##Business Logic Communication##Spring Web,Spring Web provides integration features such as multipart file upload functionality and the initialization of the IoC container using Servlet listeners and a web-oriented application context. It also contains an HTTP client and the web-related parts of Spring remote support.,"rgb(83, 179, 77)",2221
242,4,Spring Web Flow,Services##Logic Services##Business Logic##Spring Web Flow,Spring Web Flow builds on Spring MVC and allows implementing the flows of a web application.,"rgb(102, 156, 53)",2220
3578,4,Spring Web MVC,Services##Logic Services##Business Logic##Spring Web MVC,Spring Web MVC is the original web framework built on the Servlet API and has been included in the Spring Framework from the very beginning.,"rgb(102, 156, 53)",2220
248,4,Spring Web Services,System Interaction##Communication Services##Exposed API##Spring Web Services,Spring Web Services (Spring-WS) is a product of the Spring community focused on creating document-driven Web services.,"rgb(102, 156, 53)",2231
3243,4,Spring WebFlux Reactive,Services##Logic Services##Business Logic##Spring WebFlux Reactive,Spring WebFlux is a non-blocking web stack to handle concurrency with a small number of threads and scale with fewer hardware resource,"rgb(102, 156, 53)",2220
3565,4,Spring for Apache Kafka,System Interaction##Communication Services##Messaging Services##Spring for Apache Kafka,"The Spring for Apache Kafka (spring-kafka) project applies core Spring concepts to the development of Kafka-based messaging solutions. It provides a ""template"" as a high-level abstraction for sending messages","rgb(102, 156, 53)",2253
3634,4,SpringDoc,Services##Logic Services##Business Logic##SpringDoc,springdoc-openapi java library helps to automate the generation of API documentation using spring boot projects,"rgb(102, 156, 53)",2220
147,4,SpringFox,Services##Logic Services##Business Logic##SpringFox,Automated JSON API documentation for API's built with Spring.,"rgb(217, 80, 0)",2220
372,4,Square for Java,Services##Logic Services##Business Logic##Square for Java,Java client library for the Square API,"rgb(35, 35, 35)",2220
568,4,StAX,Services##Logic Services##Business Logic##StAX,"StAX is a standard XML processing API that allows you to stream XML data from and to your application.
StAX API is the standard java XML processing API defined by JSR-173
StAX was designed as a median between the DOM and SAX interface. In its metaphor, the programmatic entry point is a cursor that represents a point within the document. The application moves the cursor forward - 'pulling' the information from the parser as it needs. This is different from an event based API - such as SAX - which 'pushes' data to the application - requiring the application to maintain state between events as necessary to keep track of location within the document.","rgb(181, 26, 0)",2220
4038,4,Static type system Lib,Services##Logic Services##Business Logic##Static type system Lib,"A static type system library in Python provides tools to define, check, and enforce data types at development time (before code runs), improving code clarity, safety, and tooling through type annotations.","rgb(111, 32, 40)",2220
3920,4,Statsmodels,Services##Logic Services##Business Logic##Statsmodels,"Statsmodels is used for statistical modeling and provides classes and functions for regression, time-series analysis, and hypothesis testing.","rgb(42, 187, 157)",2220
3489,4,StencilJS,Services##Logic Services##Business Logic##StencilJS,"Stencil is a library for building reusable, scalable component libraries.","rgb(122, 122, 122)",2220
468,4,Storybook,Services##Logic Services##Business Logic##Storybook,Storybook is a frontend workshop for building UI components and pages in isolation.,"rgb(230, 59, 122)",2220
203,4,StreamWeaver Utility,Services##Output Services##Reporting Services##StreamWeaver Utility,StreamWeaver processes and manipulates print streams and data to support advanced printing and distribution strategies,"rgb(233, 17, 130)",2264
640,4,Stripe for .NET,Services##Logic Services##Business Logic##Stripe for .NET,"Stripe.net is a sync/async .NET 4.6.1+ client, and a portable class library for stripe.com.","rgb(123, 33, 159)",2220
642,4,Stripe for JS-TS,Services##Logic Services##Business Logic##Stripe for JS-TS,https://github.com/stripe/stripe-js,"rgb(181, 26, 0)",2220
641,4,Stripe for Java,Services##Logic Services##Business Logic##Stripe for Java,Java library for the Stripe API.,"rgb(181, 26, 0)",2220
4026,4,StructureMap,Services##Logic Services##Business Logic##StructureMap,"StructureMap is one of the oldest and most mature Dependency Injection (DI) and Inversion of Control (IoC) containers for .NET, first released in 2004. It enables developers to decouple application components by managing dependencies and object lifecycles, promoting modular and testable code","rgb(211, 131, 18)",2220
3970,4,Structured Markup Processing Tools,Services##Logic Services##Business Logic##Structured Markup Processing Tools,"A variety of specialized Python libraries to work with various forms of structured data markup. This includes modules to work with the Standard Generalized Markup Language (SGML) and the Hypertext Markup Language (HTML), and several interfaces for working with the Extensible Markup Language (XML).","rgb(42, 187, 157)",2220
3761,4,SubEthaMail,Services##Logic Services##Business Logic Communication##SubEthaMail,"An open-source Java library for handling email processing, including SMTP, mailing lists, and email filtering","rgb(154, 36, 79)",2221
3395,4,SubSonic,Services##Logic Services##Data Access Services##SubSonic,"SubSonic is A Super High-fidelity Batman Utility Belt that works up your Data Access (using Linq in 3.0), throws in some much-needed utility functions, and generally speeds along your dev cycle.","rgb(148, 0, 250)",2225
82,4,Sun Faces,User Interaction##Web Interaction##Web Presentation##Sun Faces,Sun Faces Libraries.,"rgb(217, 80, 0)",2278
453,4,Sun JNDI,Services##Logic Services##Business Logic##Sun JNDI,Java Naming and Directory Interface,"rgb(181, 26, 0)",2220
3656,4,Sun Jersey,Services##Logic Services##Business Logic Communication##Sun Jersey,"Sun  Jersey (JAX-RS) for RESTful Web Services
com.sun.jersey is the reference implementation of JAX-RS (Java API for RESTful Web Services), primarily used to build RESTful web services in Java. It was originally developed by Sun Microsystems and later maintained by Oracle.","rgb(31, 102, 178)",2221
3621,4,Sun Mail,Services##Logic Services##Business Logic Communication##Sun Mail,Java API used for sending and receiving email. It provides a platform-independent and protocol-independent framework for building mail and messaging applications.,"rgb(12, 99, 237)",2221
3788,4,Sun NET,Services##Logic Services##Business Logic Communication##Sun NET,"sun.net is an internal, non-standard Java package containing low-level networking classes used by the JDK, but it should not be used in applications as it is unstable, unsupported, and subject to removal in future Java versions","rgb(12, 99, 237)",2221
3648,4,Sun for Apache,Services##Logic Services##Business Logic##Sun for Apache,"The com.sun.org.apache package is a namespace that historically provided access to various Apache Software Foundation libraries and components used within the Java runtime. However, many of these components are now part of the standard Java API or are provided by external libraries rather than being bundled directly into the JDK.","rgb(51, 108, 240)",2220
3799,4,Super CSV,Services##Logic Services##Business Logic##Super CSV,"The main motivation for Super CSV is to be the foremost, fastest, and most programmer-friendly, free CSV package for Java.","rgb(181, 26, 0)",2220
3486,4,Svelte,Services##Logic Services##Business Logic##Svelte,"Svelte is a UI framework that uses a compiler to let you write breathtakingly concise components that do minimal work in the browser, using languages you already know — HTML, CSS and JavaScript","rgb(255, 61, 2)",2220
404,4,Swagger,Services##Logic Services##Business Logic##Swagger,"Swagger Codegen can simplify your build process by generating server stubs and client SDKs for any API, defined with the OpenAPI (formerly known as Swagger) specification.","rgb(119, 187, 65)",2220
3110,4,Swagger for JS-TS,Services##Logic Services##Business Logic##Swagger for JS-TS,Swagger is a popular tool for API documentation and can be used with JavaScript and TypeScript through several libraries and frameworks,"rgb(119, 187, 65)",2220
233,4,SwashBuckle,Services##Logic Services##Business Logic##SwashBuckle,Swagger tools for documenting API's built on ASP.NET Core,"rgb(148, 0, 255)",2220
1811,4,SwitchYard,Services##Logic Services##Business Logic##SwitchYard,"A lightweight service delivery framework providing full lifecycle support for developing, deploying, and managing service-oriented applications.","rgb(131, 17, 0)",2220
198,4,Sybase Connector for Mainframe,Services##Logic Services##Data Access Services##Sybase Connector for Mainframe,Sybase Connector for Mainframe,"rgb(13, 118, 213)",2225
4113,4,Syncfusion,Services##Logic Services##Business Logic##Syncfusion,Essential JS 2 - The Pure JavaScript UI Controls Library.,"rgb(123, 33, 159)",2220
3209,4,Sysview Utility,Services##Logic Services##Business Logic##Sysview Utility,SYSVIEW® Performance Management,"rgb(13, 118, 213)",2220
3319,4,TSO MON Performance Management Utility,Services##Logic Services##Business Logic##TSO MON Performance Management Utility,"CA TSO/MON Performance Management is a performance management software designed for performance analysts. It enables users to measure true response times by monitoring internal TSO response and TSO network response. Features include Mainframe 2.0, CA LMP support, screen capture facility interface, CA Auditor for z/OS support, and reporting.","rgb(200, 52, 70)",2220
193,4,TWS Scheduler Utility,Services##Logic Services##Business Logic##TWS Scheduler Utility,TWS Scheduler Utility,"rgb(22, 47, 198)",2220
1819,4,Tailwindcss,Services##Logic Services##Business Logic##Tailwindcss,"Tailwind CSS works by scanning all of your HTML files, JavaScript components, and any other templates for class names, generating the corresponding styles and then writing them to a static CSS file.","rgb(56, 178, 172)",2220
3254,4,Tedious,Services##Logic Services##Business Logic##Tedious,Node TDS module for connecting to SQL Server databases.,"rgb(227, 36, 0)",2220
63,4,Telerik for .NET,Services##Logic Services##Business Logic##Telerik for .NET,Telerik UI Components for .NET,"rgb(125, 213, 8)",2220
3286,4,Telon Utility,Services##Logic Services##Business Logic##Telon Utility,Teleon is An application generator from CA Technologies that generates COBOL and PL/I code for IBM mainframes and COBOL code for AS/400s. Development can be performed on mainframes or PCs. Telon was originally developed by Pansophic Systems.,"rgb(13, 118, 213)",2220
4045,4,TensorBoard,Services##Logic Services##Business Logic##TensorBoard,"TensorBoard is a visualization toolkit for TensorFlow, designed to help developers monitor, debug, and optimize machine learning models.","rgb(105, 185, 247)",2220
4016,4,TensorFlow,Services##Logic Services##Business Logic##TensorFlow,TensorFlow makes it easy to create ML models that can run in any environment.,"rgb(14, 106, 225)",2220
3913,4,TensorFlow For Python,Services##Logic Services##Business Logic##TensorFlow For Python,"Developed by Google, TensorFlow is one of the most widely used deep learning libraries, offering tools for building, training, and deploying machine learning models, particularly deep neural networks.","rgb(42, 187, 157)",2220
3957,4,Text Processing,Services##Logic Services##Business Logic##Text Processing,Variety of specialized Python libraries for Python Text Processing Services,"rgb(42, 187, 157)",2220
541,4,Thymeleaf,User Interaction##Screen Interaction##Rich Client Presentation##Thymeleaf,Thymeleaf is a modern server-side Java template engine for both web and standalone environments,"rgb(79, 122, 40)",2266
4022,4,Topshelf,Services##Logic Services##Business Logic##Topshelf,Topshelf is a .NET library that simplifies the creation and management of Windows services,"rgb(5, 133, 90)",2220
3915,4,Torch,Services##Logic Services##Business Logic##Torch,"Torch is an open-source deep learning framework that was originally developed in the Lua programming language. It provided a powerful interface for building neural networks and performing scientific computing.

Torch has been largely replaced by PyTorch, and it is now considered outdated for most modern deep learning tasks.","rgb(42, 187, 157)",2220
1802,4,Tornado Web,User Interaction##Web Interaction##Web Presentation##Tornado Web,"Tornado is a Python web framework and asynchronous networking library,","rgb(0, 163, 215)",2278
3289,4,Trillium Software converter Utility,Services##Logic Services##Business Logic##Trillium Software converter Utility,"The Trillium Software converter is a powerful tool that moves data from
input to output based on field names in the Data Dictionary
Language (DDL) files. If a field name exists on both the
input and output DDL, the Converter moves data from
input to output based on the position specified in the
output DDL.","rgb(13, 118, 213)",2220
3903,4,Trio,Services##Logic Services##Business Logic##Trio,"Trio is a Python library that simplifies asynchronous programming by offering a structured concurrency model and a clean, easy-to-use API.","rgb(42, 187, 157)",2220
1792,4,TurboGears,Services##Logic Services##Business Logic##TurboGears,"TurboGears 2 is a reinvention of the TurboGears project to take advantage of new components, and to provide a fully customizable WSGI (Web Server Gateway Interface) stack.","rgb(56, 87, 26)",2220
3491,4,Twig for JS-TS,Services##Logic Services##Business Logic##Twig for JS-TS,Port of Twig,"rgb(102, 156, 53)",2220
1815,4,Twilio,Services##Logic Services##Business Logic##Twilio,Twilio Node.js helper library.,"rgb(181, 26, 0)",2220
3477,4,Twilio,Services##Logic Services##Business Logic Communication##Twilio,"Twilio REST API and TwiML Libraries for .NET
Twilio provides a HTTP-based API for sending and receiving phone calls and text messages.","rgb(181, 26, 0)",2221
4075,4,Twilio SendGrid for Python,Services##Logic Services##Business Logic##Twilio SendGrid for Python,SendGrid library used to send emails via SendGrid's Web API.,"rgb(0, 140, 180)",2220
485,4,TypeORM,Services##Logic Services##Data Access Services##TypeORM,"TypeORM is an ORM that can run in NodeJS, Browser, Cordova, PhoneGap, Ionic, React Native, NativeScript, Expo, and Electron platforms and can be used with TypeScript and JavaScript.","rgb(255, 64, 19)",2225
2209,4,Typescript Communication,User Interaction##Web Interaction##Web Communication##Typescript Communication,Typescript Communication,"rgb(24, 125, 217)",2275
564,4,UberFire,Services##Logic Services##Business Logic##UberFire,"UberFire is a web framework for a superior experience in building extensible workbenches and console type applications

","rgb(217, 80, 0)",2220
3566,4,UnboundID LDAP SDK,Services##Logic Services##Business Logic##UnboundID LDAP SDK,"The UnboundID LDAP SDK for Java is a fast, powerful, user-friendly, and completely free Java library for communicating with LDAP directory servers. It offers better performance, better ease of use, and more features than other Java-based LDAP APIs. It is actively being developed and enhanced by Ping Identity and is a critical component of their Directory Server and other identity management software.","rgb(181, 26, 0)",2220
488,4,Underscore,Services##Logic Services##Business Logic##Underscore,Underscore is a JavaScript library that provides a whole mess of useful functional programming helpers without extending any built-in objects.,"rgb(96, 96, 96)",2220
3840,4,Unirest for Java,Services##Logic Services##Business Logic##Unirest for Java,"Unirest for Java is a lightweight HTTP client library for Java, designed to simplify making HTTP requests (GET, POST, PUT, DELETE, etc.) in a clean and concise way. It provides an easy-to-use API for sending requests and handling responses, often used for integrating with REST APIs and web services.","rgb(0, 140, 180)",2220
3463,4,Unity,Services##Logic Services##Business Logic##Unity,"The Unity Container (Unity) is a full featured, extensible dependency injection container. It facilitates building loosely coupled applications and provides developers with the following advantages:

Simplified object creation, especially for hierarchical object structures and dependencies
...","rgb(181, 26, 0)",2220
3958,4,Unix Specific Services,Services##Logic Services##Business Logic##Unix Specific Services,Variety of specialized Python libraries for Unix Specific Services,"rgb(42, 187, 157)",2220
544,4,Vaadin,User Interaction##Screen Interaction##Rich Client Presentation##Vaadin,"open-source web application development platform for Java. Vaadin includes a set of Web Components, a Java web framework, and a set of tools that enable developers to implement modern web graphical user interfaces (GUI)","rgb(0, 163, 215)",2266
623,4,Vavr,Services##Logic Services##Business Logic##Vavr,"vʌvr (formerly called Javaslang) is a non-commercial, non-profit object-functional library for Java. It helps to reduce the amount of code and to increase the robustness. A first step towards functional programming is to start thinking in immutable values. Vavr provides immutable collections and the necessary functions and control structures to operate on these values. The results are beautiful and just work.","rgb(154, 36, 79)",2220
1397,4,Vertigo-io,Services##Logic Services##Business Logic##Vertigo-io,"A Simple Java Starter kit for real projects.. Its main purpose is to publish simple and homogeneous APIs over more complex libraries. 
Vertigo is split into different modules:
Vertigo-Core 
Vertigo-Extensions 
Vertigo-Connectors 
Vertigo-Studio","rgb(0, 97, 255)",2220
3574,4,VirginiaTech,Services##Logic Services##Business Logic##VirginiaTech,"The Middleware Services group is responsible for research, development, and implementation of identity and access management services.

Our products include: Enterprise Directory: LDAP, RESTful APIs, Replication,DAT
Single-Sign-On: CAS , SAML","rgb(181, 26, 0)",2220
3047,4,Visual Studio,Services##Logic Services##Business Logic##Visual Studio,All frameworks/packages used by Visual Studio,"rgb(0, 109, 143)",2220
3479,4,Volley,Services##Logic Services##Business Logic##Volley,"An HTTP library that makes networking for Android apps easier and, most importantly, faster.","rgb(97, 23, 124)",2220
23,4,VueJS,User Interaction##Web Interaction##Web Presentation##VueJS,The Progressive JavaScript Framework,"rgb(64, 184, 131)",2278
2212,4,VueJS Communication,User Interaction##Web Interaction##Web Communication##VueJS Communication,VueJS Communication,"rgb(2, 148, 16)",2275
65,4,WCF,Services##Logic Services##Business Logic Communication##WCF,.NET Windows Communication Framework,"rgb(0, 140, 180)",2221
66,4,WPF,User Interaction##Screen Interaction##Rich Client Presentation##WPF,WPF is a .NET Core UI framework for building Windows desktop applications.,"rgb(0, 140, 180)",2266
586,4,WSDL4J,Services##Logic Services##Business Logic##WSDL4J,Java stub generator for WSDL,"rgb(181, 26, 0)",2220
1377,4,WSO2,Services##Logic Services##Business Logic##WSO2,"Foundational technology for application development and identity & access management
Digital experiences delivered as apps, workflows, and automations require powerful cloud native applications to do the heavy lifting. Our application development and IAM technologies, available as open source or SaaS, take away most of the complexity and let your developers focus only on your business requirements.","rgb(181, 26, 0)",2220
1375,4,WSO2 Carbon,Services##Logic Services##Business Logic##WSO2 Carbon,"WSO2 Carbon is the core platform on which WSO2 middleware products are built. It is based on Java OSGi technology, which allows components to be dynamically installed, started, stopped, updated, and uninstalled, and it eliminates component version conflicts. In Carbon, this capability translates into a solid core of common middleware enterprise components, including clustering, security, logging, and monitoring, plus the ability to add components for specific features needed to solve a specific enterprise scenario.","rgb(181, 26, 0)",2220
1376,4,WSO2 Orbit,Services##Logic Services##Business Logic##WSO2 Orbit,"WSO2 Orbit, bundles external third party dependencies which are not maintained by WSO2, but are needed for some products.","rgb(181, 26, 0)",2220
4057,4,Wcwidth,User Interaction##Screen Interaction##Terminal Presentation##Wcwidth,"This API is mainly for Terminal Emulator implementor. wcwidth returns the number of character cells (columns) a Unicode character or string occupies when displayed in a fixed-width terminal, accounting for wide characters like Asian scripts or emojis.","rgb(202, 28, 28)",2272
1,4,Web,User Interaction##Web Interaction##Web Presentation##Web,Web Technologies,"rgb(255, 106, 0)",2278
3465,4,WebActivator,User Interaction##Web Interaction##Web Presentation##WebActivator,WebActivator is a NuGet package that allows other packages to easily bring in Startup and Shutdown code into a web application. This gives a much cleaner solution than having to modify global.asax with the startup logic from many packages.,"rgb(181, 26, 0)",2278
378,4,WebAssembly for Javascript,Services##Logic Services##Business Logic##WebAssembly for Javascript,WebAssembly is a new type of code that can be run in modern web browsers and provides new features and major gains in performance.,"rgb(135, 78, 254)",2220
132,4,WebJars,Services##Logic Services##Business Logic##WebJars,WebJars are client-side web libraries (e.g. jQuery & Bootstrap) packaged into JAR (Java Archive) files.,"rgb(217, 80, 0)",2220
3109,4,WebSocket for JS-TS,User Interaction##Web Interaction##Web Communication##WebSocket for JS-TS,The WebSocket API is an advanced technology that makes it possible to open a two-way interactive communication session between the user's browser and a server,"rgb(96, 96, 6)",2275
3487,4,WebdriverIO,Services##Logic Services##Business Logic##WebdriverIO,Next-gen browser and mobile automation test framework for Node.js,"rgb(181, 26, 0)",2220
4051,4,Websocket Libs,Services##Logic Services##Business Logic Communication##Websocket Libs,"Websockets is a Python library for building WebSocket clients and servers, enabling real-time, full-duplex communication over the WebSocket protocol.","rgb(202, 28, 28)",2221
176,4,Weld,Services##Logic Services##Business Logic##Weld,Weld is the reference implementation of CDI: Contexts and Dependency Injection for the Java EE Platform.,"rgb(217, 80, 0)",2220
3911,4,Werkzeug,User Interaction##Web Interaction##Web Presentation##Werkzeug,"Werkzeug is a comprehensive WSGI (Web Server Gateway Interface) utility library for Python, designed to be lightweight and modular, providing core tools for building web applications. It is often used as a foundation for web frameworks like Flask but can be used independently to create and manage HTTP requests, responses, and web application routing","rgb(42, 187, 157)",2278
180,4,WildFly,Services##Logic Services##Business Logic##WildFly,"WildFly is a powerful, modular, & lightweight application server that helps you build amazing applications.","rgb(217, 80, 0)",2220
74,4,Windows Azure Mobile Services,User Interaction##Mobile Interaction##Mobile Business Logic##Windows Azure Mobile Services,Windows Azure Mobile Services,"rgb(0, 140, 180)",2254
39,4,Windows Forms,User Interaction##Screen Interaction##Rich Client Presentation##Windows Forms,Windows Forms is a .NET UI framework for building Windows desktop applications,"rgb(0, 140, 180)",2266
3922,4,XGBoost,Services##Logic Services##Business Logic##XGBoost,"XGBoost is an efficient and scalable implementation of gradient boosting, often used for structured/tabular data, and has gained popularity in machine learning competitions.","rgb(42, 187, 157)",2220
128,4,XMLUnit for Java,Services##Logic Services##Business Logic##XMLUnit for Java,Unit Testing XML for Java.,"rgb(217, 80, 0)",2220
579,4,XPP3,Services##Logic Services##Business Logic##XPP3,"XML Pull parser library developed by Extreme Computing Lab, Indiana University","rgb(181, 26, 0)",2220
580,4,XStream,Services##Logic Services##Business Logic##XStream,XStream is a simple and fast library to serialize objects to XML and back again with a low memory footprint.,"rgb(181, 26, 0)",2220
70,4,Xamarin,User Interaction##Web Interaction##Web Presentation##Xamarin,string,"rgb(0, 86, 214)",2278
38,4,Xamarin Android,User Interaction##Mobile Interaction##Mobile Presentation##Xamarin Android,Xamarin.Android exposes the complete Android SDK for .NET developers. Build fully native Android apps using C# or F# in Visual Studio.,"rgb(18, 99, 206)",2258
3748,4,Xamarin Forms,User Interaction##Web Interaction##Web Presentation##Xamarin Forms,"Xamarin.Forms was a cross-platform UI toolkit that allowed developers to build native mobile applications for iOS, Android, and Windows from a single shared codebase using C# and .NET.","rgb(84, 122, 196)",2278
46,4,Xamarin iOS,User Interaction##Mobile Interaction##Mobile Presentation##Xamarin iOS,Xamarin.iOS exposes the complete iOS SDK for .NET developers. Build fully native iOS apps using C# or F# in Visual Studio.,"rgb(0, 86, 214)",2258
484,4,Yargs,Services##Logic Services##Business Logic##Yargs,Yargs helps you build interactive command line tools by parsing arguments.,"rgb(123, 33, 159)",2220
499,4,Yarn,Services##Logic Services##Business Logic##Yarn,Yarn is a package manager,"rgb(0, 199, 252)",2220
547,4,ZK,Services##Logic Services##Business Logic##ZK,ZK is the best open source Java framework for building enterprise web and mobile apps.,"rgb(38, 62, 15)",2220
545,4,Zalando for Java,Services##Logic Services##Business Logic##Zalando for Java,https://jobs.zalando.com/en/tech/?gh_src=281f2ef41us,"rgb(102, 97, 0)",2220
3122,4,Zeke Scheduler Utility,Services##Logic Services##Business Logic##Zeke Scheduler Utility,"Zeke is a software tool used to Submit and control the running of production events. It automates our work by scheduling dynamically and dispatching events. Zeke is supported on Z/OS, VSE OS and other distributed systems.","rgb(22, 47, 198)",2220
3089,4,ZeroMQ,System Interaction##Communication Services##Messaging Services##ZeroMQ,"ZeroMQ C# namespace (.NET and mono, Windows, Linux and MacOSX, x86 and amd64)","rgb(185, 45, 93)",2253
4063,4,ZeroMQ for Python,System Interaction##Communication Services##Messaging Services##ZeroMQ for Python,"lets Python programs use ZeroMQ sockets to send and receive messages between threads, processes, or even machines, with patterns like pub-sub, request-reply, and pipeline.","rgb(255, 106, 0)",2253
1791,4,Zope,User Interaction##Web Interaction##Web Presentation##Zope,Zope is a free and open source web application server written in the object-oriented programming language Python.,"rgb(0, 163, 215)",2278
4029,4,certifi,Services##Logic Services##Business Logic##certifi,"certifi is a Python library that provides a curated collection of up-to-date, trusted SSL/TLS root certificates","rgb(36, 115, 219)",2220
4055,4,cffi,Services##Logic Services##Business Logic Communication##cffi,cffi (C Foreign Function Interface) is a Python library that provides a way to call C code and use C libraries directly from Python with ease and efficiency.,"rgb(202, 28, 28)",2221
3900,4,click,Services##Logic Services##Business Logic##click,"click is a Python library for creating command-line interfaces (CLIs) with ease. It’s designed to handle the complexities of building robust and user-friendly command-line tools, making it easy to handle arguments, options, and subcommands","rgb(42, 187, 157)",2220
380,4,cssnano,Services##Logic Services##Business Logic##cssnano,"cssnano takes your nicely formatted CSS and runs it through many focused optimisations, to ensure that the final result is as small as possible for a production environment.","rgb(64, 185, 123)",2220
4002,4,documents4j,Services##Output Services##Reporting Services##documents4j,documents4j is a Java library for converting documents into another document format.,"rgb(39, 36, 204)",2264
3989,4,email-validator,Services##Logic Services##Business Logic Communication##email-validator,"email-validator is a Python library for validating, parsing, and formatting email addresses to ensure they are properly structured and optionally exist via DNS checks.","rgb(0, 140, 180)",2221
3896,4,gRPC (gRPCio),Services##Logic Services##Business Logic Communication##gRPC (gRPCio),"gRPC is a high-performance, open-source framework for building distributed systems and microservices. It allows communication between applications using Remote Procedure Calls (RPCs) over HTTP/2. gRPC uses Protocol Buffers (Protobuf) for efficient serialization and supports many programming languages.","rgb(0, 140, 180)",2221
30,4,gRPC for .NET,Services##Logic Services##Business Logic Communication##gRPC for .NET,"A high performance, open source universal RPC framework.","rgb(0, 163, 215)",2221
105,4,gRPC for Java,Services##Logic Services##Business Logic Communication##gRPC for Java,"A high performance, open source universal RPC framework.","rgb(0, 163, 215)",2221
382,4,gRPC for WebClients,User Interaction##Web Interaction##Web Communication##gRPC for WebClients,gRPC for WebClients libraries,"rgb(255, 64, 19)",2275
2234,4,iOS Business Logic,User Interaction##Mobile Interaction##Mobile Business Logic##iOS Business Logic,iOS Business Logic,"rgba(75, 73, 73, 0.9)",2254
2235,4,iOS Communication,User Interaction##Mobile Interaction##Mobile Communication##iOS Communication,iOS Communication,"rgba(75, 73, 73, 0.9)",2255
2236,4,iOS Data Access,User Interaction##Mobile Interaction##Mobile Data Access##iOS Data Access,iOS Data Access,"rgba(75, 73, 73, 0.9)",2256
2242,4,iOS Presentation,User Interaction##Mobile Interaction##Mobile Presentation##iOS Presentation,iOS Presentation,"rgba(75, 73, 73, 0.9)",2258
587,4,iText 2,Services##Output Services##Reporting Services##iText 2,"iText, a free Java-PDF library (rtf package)

Note: This artifact was moved to com.itextpdf.
iText 2 is EOL. iText 7 is the latest version of iText's leading PDF library
iText 2 is no longer being developed nor supported.","rgb(169, 104, 0)",2264
3468,4,iTextSharp,Services##Output Services##Reporting Services##iTextSharp,"PLEASE NOTE: iTextSharp is EOL, and has been replaced by iText. Only security fixes will be added
We HIGHLY recommend customers use iText for new projects, and to consider moving existing projects from iTextSharp to iText to benefit from the many improvements such as:
- HTML to PDF (PDF/A) conversion","rgb(181, 26, 0)",2264
521,4,itextpdf,Services##Output Services##Reporting Services##itextpdf,iText is a library for creating and manipulating PDF files in Java,"rgb(0, 86, 214)",2264
4047,4,itsdangerous,Services##Logic Services##Business Logic##itsdangerous,Python library used primarily for securely signing data. It's commonly used in web applications to generate secure tokens.,"rgb(42, 187, 157)",2220
85,4,jBPM,Services##Logic Services##Business Logic##jBPM,jBPM is a toolkit for building business applications to help automate business processes and decisions.,"rgb(255, 106, 0)",2220
573,4,jOOQ,Services##Logic Services##Data Access Services##jOOQ,jOOQ generates Java code from your database and lets you build type safe SQL queries through its fluent API.,"rgb(181, 26, 0)",2225
15,4,jQuery,User Interaction##Web Interaction##Web Presentation##jQuery,"jQuery is a fast, small, and feature-rich JavaScript library","rgb(0, 46, 122)",2278
40,4,jQuery for .NET,User Interaction##Web Interaction##Web Communication##jQuery for .NET,jQuery libraries for .NET,"rgb(0, 109, 143)",2275
3462,4,jTDS,Services##Logic Services##Business Logic##jTDS,"jTDS is an open source 100% pure Java (type 4) JDBC 3.0 driver for Microsoft SQL Server (6.5, 7, 2000, 2005, 2008, 2012) and Sybase ASE (10, 11, 12, 15). jTDS is based on FreeTDS and is currently the fastest production-ready JDBC driver for SQL Server and Sybase. jTDS is 100% JDBC 3.0 compatible, supporting forward-only and scrollable/updateable ResultSets and implementing all the DatabaseMetaData and ResultSetMetaData methods.","rgb(154, 36, 79)",2220
549,4,json-lib,Services##Logic Services##Business Logic##json-lib,"JSON-lib is a java library for transforming beans, maps, collections, java arrays and XML to JSON and back again to beans and DynaBeans.","rgb(181, 26, 0)",2220
467,4,protobuf.js,Services##Logic Services##Business Logic##protobuf.js,Protocol Buffers for JavaScript (& TypeScript),"rgb(79, 85, 3)",2220
4060,4,psutil,Services##Logic Services##Business Logic##psutil,"psutil helps you monitor and manage system resources and processes programmatically — useful for system monitoring, profiling, and diagnostics.","rgb(9, 113, 101)",2220
3973,4,pyOpenSSL,Services##Logic Services##Business Logic Communication##pyOpenSSL,A Python wrapper around the OpenSSL,"rgb(42, 187, 157)",2221
4042,4,pytest,Services##Logic Services##Business Logic##pytest,pytest is a Python testing framework that simplifies writing and running tests with a clean syntax and powerful tools for complex testing needs.,"rgb(105, 185, 247)",2220
3213,4,sauronsoftware,Services##Logic Services##Business Logic##sauronsoftware,"The Sauron Software Projects Repository hosts software projects developed by Carlo Pelliccia and released for free under Free Software licenses.

Hosted projects
CloneRNX - A simple and funny Java game.
cron4j - A scheduler for the Java 2 platform which is very similar to the UNIX cron daemon.
feed4j - A Java library implementing a XML feeds parser.
ftp4j - A Java library implementing a FTP client.
grab4j - A web-grabbing Java library.
Java Base64 - A Java library that can encode and decode base64 streams.
JAVE - A Java library that can transcode audio and video files from a format to another.
JUnique - A library that can be used to prevent a user to run at the same time more instances of the same Java application.
Kickstart - A Windows starter for Java applications. It generates EXE files from runnable Java archives (JAR).","rgb(100, 160, 60)",2220
3916,4,spaCy,Services##Logic Services##Business Logic##spaCy,"spaCy is a fast, efficient NLP library designed for production use. It includes pre-trained models for various languages and tools for text processing.","rgb(42, 187, 157)",2220
3899,4,toml,Services##Logic Services##Business Logic##toml,"toml is a Python library used to parse and generate TOML (Tom’s Obvious, Minimal Language) files. TOML is a data serialization language primarily used for configuration files, aiming for simplicity and ease of use","rgb(0, 140, 180)",2220
3249,4,veraPDF,Services##Output Services##Reporting Services##veraPDF,"veraPDF is a purpose-built, open source, file-format validator covering all PDF/A and PDF/UA parts and conformance levels.

veraPDF is designed to meet the needs of digital preservationists and is supported by the PDF software developer community","rgb(121, 26, 62)",2264
472,4,webpack,Services##Logic Services##Business Logic##webpack,webpack is a static module bundler for modern JavaScript applications.,"rgb(0, 163, 215)",2220
592,4,xmlpull,Services##Logic Services##Business Logic##xmlpull,XML Pull Parsing API,"rgb(181, 26, 0)",2220
2002,5, DotNET Kafka MQ Publishers,System Interaction##Communication Services##Messaging Services##Apache Kafka for .NET## DotNET Kafka MQ Publishers, DotNET Kafka MQ Publishers,"rgb(213, 10, 10)",3337
2003,5, DotNET Kafka MQ Receivers,System Interaction##Communication Services##Messaging Services##Apache Kafka for .NET## DotNET Kafka MQ Receivers, DotNET Kafka MQ Receivers,"rgb(213, 10, 10)",3337
2202,5, Shell AWS SQS Subscribers,System Interaction##Communication Services##Messaging Services##AWS SQS## Shell AWS SQS Subscribers, Shell AWS SQS Subscribers,"rgb(180, 138, 3)",1872
3681,5,ABAP BAdI,Services##Logic Services##Business Logic##SAP##ABAP BAdI,BAdI (Business Add-In) is a SAP enhancement component that allows custom functionality to be added to standard SAP applications without modifying the original SAP code.,"rgb(111, 181, 211)",1823
3683,5,ABAP Class,Services##Logic Services##Business Logic##SAP##ABAP Class,ABAP Class and Class Pool,"rgb(121, 194, 226)",1823
3700,5,ABAP Form,Services##Logic Services##Business Logic##SAP##ABAP Form,ABAP Form,"rgb(180, 15, 240)",1823
3684,5,ABAP Function,Services##Logic Services##Business Logic##SAP##ABAP Function,ABAP Function and Function Pool,"rgb(122, 58, 146)",1823
3685,5,ABAP Interface,Services##Logic Services##Business Logic##SAP##ABAP Interface,ABAP Interface and Interface Pool,"rgb(228, 185, 243)",1823
3692,5,ABAP Managed Procedures (AMDP),Services##Logic Services##Data Access Services##SAP Data Access##ABAP Managed Procedures (AMDP),ABAP Managed Database Procedures (AMDP) : Custom SQLScript logic written in ABAP methods but executed directly in SAP HANA for performance optimization.,"rgb(21, 80, 17)",3690
3689,5,ABAP Missing Objects,Services##Logic Services##Business Logic##SAP##ABAP Missing Objects,ABAP Missing Objects,"rgb(8, 68, 94)",1823
3686,5,ABAP Module,Services##Logic Services##Business Logic##SAP##ABAP Module,ABAP Module and Module Pool,"rgb(180, 15, 240)",1823
3682,5,ABAP Program,Services##Logic Services##Business Logic##SAP##ABAP Program,ABAP Program,"rgb(8, 68, 94)",1823
3679,5,ABAP Screen,User Interaction##Screen Interaction##Terminal Presentation##SAP Presentation##ABAP Screen,ABAP Processing and Selection Screens,"rgb(89, 10, 176)",3678
3687,5,ABAP User-Exit,Services##Logic Services##Business Logic##SAP##ABAP User-Exit,ABAP Module Pool,"rgb(180, 15, 240)",1823
1896,5,ADO.NET Queries,Services##Logic Services##Data Access Services##ADO.NET##ADO.NET Queries,ADO.NET Queries,"rgb(103, 48, 176)",1895
3817,5,ADODB Query,Services##Logic Services##Data Access Services##ADODB##ADODB Query,DotNet ADODB SQL Queries,"rgb(153, 41, 189)",3184
1897,5,API AWS SDK for Java,Services##Logic Services##Business Logic##AWS SDK Java##API AWS SDK for Java,API AWS SDK for Java,"rgb(198, 153, 8)",1909
1898,5,ASP Pages,User Interaction##Web Interaction##Web Presentation##Classic ASP##ASP Pages,ASP Pages,"rgb(103, 48, 176)",3131
1902,5,ASP.NET MVC Controller,User Interaction##Web Interaction##Web Coordination##ASP.NET Business Logic##ASP.NET MVC Controller,Controller Classes for ASP.NET MVC,"rgb(103, 48, 176)",1899
1904,5,ASP.NET Razor,User Interaction##Web Interaction##Web Coordination##ASP.NET Business Logic##ASP.NET Razor,ASP.NET Razor application components,"rgb(103, 41, 227)",1899
1905,5,ASP.NET Razor Pages,User Interaction##Web Interaction##Web Presentation##ASP.NET Presentation##ASP.NET Razor Pages,ASP.NET Razor Pages,"rgb(103, 41, 227)",1903
1906,5,ASP.NET Razor Web Services Call,User Interaction##Web Interaction##Web Communication##ASP.NET Communication##ASP.NET Razor Web Services Call,Web services call from ASP.NET Razor Pages,"rgb(103, 41, 227)",1900
1908,5,ASP.NET Web Page Classes,User Interaction##Web Interaction##Web Coordination##ASP.NET Business Logic##ASP.NET Web Page Classes,"Classes that represent an .aspx file, also known as a Web Forms page, requested from a server that hosts an ASP.NET Web application.","rgb(103, 41, 227)",1899
1907,5,ASP.NET Web Services,System Interaction##Communication Services##Exposed API##ASP.NET Exposed Services##ASP.NET Web Services,ASP.NET Exposed Web Services,"rgb(15, 42, 204)",1901
3133,5,ASP.NET WebApi Services,System Interaction##Communication Services##Exposed API##ASP.NET Exposed Services##ASP.NET WebApi Services,ASP.NET WebApi Exposed Services,"rgb(103, 50, 100)",1901
1911,5,Aiohttp Exposed API,System Interaction##Communication Services##Exposed API##Python Exposed Services##Aiohttp Exposed API,Exposed API using Aiohttp library,"rgb(91, 176, 48)",2176
1912,5,Android Activities,User Interaction##Mobile Interaction##Mobile Business Logic##Android Business Logic##Android Activities,All Android Java/Kotlin Activities,"rgb(154, 208, 18)",1913
1916,5,Android Local Storage,User Interaction##Mobile Interaction##Mobile Data Access##Android Data Access##Android Local Storage,All Android Java/Kotlin local storage,"rgb(154, 208, 18)",1915
1918,5,Android Resources,User Interaction##Mobile Interaction##Mobile Business Logic##Android Business Logic##Android Resources,All Android Java/Kotlin Resources,"rgb(154, 208, 18)",1913
1919,5,Android Services,User Interaction##Mobile Interaction##Mobile Business Logic##Android Business Logic##Android Services,All Android Java/Kotlin Services,"rgb(154, 208, 18)",1913
1920,5,Android UI Files,User Interaction##Mobile Interaction##Mobile Presentation##Android Presentation##Android UI Files,All XML files used to design Android UI,"rgb(154, 208, 18)",1917
1921,5,Android Web Service Call,User Interaction##Mobile Interaction##Mobile Communication##Android Communication##Android Web Service Call,Android Web Service Call,"rgb(154, 208, 18)",1914
1923,5,Angular Web Service Call,User Interaction##Web Interaction##Web Communication##Angular Communication##Angular Web Service Call,Angular Web Service Call,"rgb(194, 6, 6)",1922
1925,5,AngularJS Web Service Call,User Interaction##Web Interaction##Web Communication##Angular Communication##AngularJS Web Service Call,AngularJS Web Service Call,"rgb(194, 6, 6)",1922
1926,5,Apache Camel ActiveMQ Publishers,System Interaction##Communication Services##Messaging Services##Apache Camel MQ##Apache Camel ActiveMQ Publishers,Apache Camel ActiveMQ Publishers,"rgb(250, 126, 20)",1935
1927,5,Apache Camel ActiveMQ Subscribers,System Interaction##Communication Services##Messaging Services##Apache Camel MQ##Apache Camel ActiveMQ Subscribers,Apache Camel ActiveMQ Subscribers,"rgb(250, 126, 20)",1935
1928,5,Apache Camel Exposed API,System Interaction##Communication Services##Exposed API##JEE Exposed Services##Apache Camel Exposed API,Apache Camel Exposed API,"rgb(250, 126, 20)",2056
1929,5,Apache Camel IBM Publishers,System Interaction##Communication Services##Messaging Services##Apache Camel MQ##Apache Camel IBM Publishers,Apache Camel IBM Publishers ,"rgb(250, 126, 20)",1935
1930,5,Apache Camel IBM Subscribers,System Interaction##Communication Services##Messaging Services##Apache Camel MQ##Apache Camel IBM Subscribers,Apache Camel IBM Subscribers,"rgb(250, 126, 20)",1935
1931,5,Apache Camel JMS Publishers,System Interaction##Communication Services##Messaging Services##Apache Camel MQ##Apache Camel JMS Publishers,Apache Camel JMS Publishers,"rgb(250, 126, 20)",1935
1932,5,Apache Camel JMS Subscribers,System Interaction##Communication Services##Messaging Services##Apache Camel MQ##Apache Camel JMS Subscribers,Apache Camel JMS Subscribers,"rgb(250, 126, 20)",1935
1933,5,Apache Camel Kafka Publishers,System Interaction##Communication Services##Messaging Services##Apache Camel MQ##Apache Camel Kafka Publishers,Apache Camel Kafka Publishers,"rgb(250, 126, 20)",1935
1934,5,Apache Camel Kafka Subscribers,System Interaction##Communication Services##Messaging Services##Apache Camel MQ##Apache Camel Kafka Subscribers,Apache Camel Kafka Subscribers,"rgb(250, 126, 20)",1935
1937,5,Apache Camel RabbitMQ Publishers,System Interaction##Communication Services##Messaging Services##Apache Camel MQ##Apache Camel RabbitMQ Publishers,Apache Camel RabbitMQ Publishers,"rgb(250, 126, 20)",1935
1938,5,Apache Camel RabbitMQ Receivers,System Interaction##Communication Services##Messaging Services##Apache Camel MQ##Apache Camel RabbitMQ Receivers,Apache Camel RabbitMQ Receivers,"rgb(250, 126, 20)",1935
1939,5,Apache Cassandra CQL,Services##Logic Services##Data Access Services##Apache Cassandra##Apache Cassandra CQL,"Apache Cassandra CQL Schema, tables, Tables Columns, Indexes and Primary Keys","rgb(188, 21, 21)",129
2091,5,Apache FreeMarker UI Call,User Interaction##Web Interaction##Web Presentation##Apache FreeMarker##Apache FreeMarker UI Call,Apache FreeMarker UI Call by Java,"rgb(10, 160, 241)",334
3847,5,Apache NMS AMQP Publishers,System Interaction##Communication Services##Messaging Services##Apache ActiveMQ NMS##Apache NMS AMQP Publishers,Apache NMS AMQP publishers,"rgb(81, 45, 210)",33
3848,5,Apache NMS AMQP Receivers,System Interaction##Communication Services##Messaging Services##Apache ActiveMQ NMS##Apache NMS AMQP Receivers,Apache NMS AMQP Receivers,"rgb(81, 45, 210)",33
3846,5,Apache NMS ActiveMQ Publishers,System Interaction##Communication Services##Messaging Services##Apache ActiveMQ NMS##Apache NMS ActiveMQ Publishers,Apache NMS ActiveMQ publishers,"rgb(104, 91, 149)",33
3323,5,Apache OpenJPA Entity,Services##Logic Services##Data Access Services##Apache OpenJPA##Apache OpenJPA Entity,Apache OpenJPA Entity and Entity Operation,"rgb(181, 26, 0)",172
1940,5,Apache Spark JDBC,Services##Logic Services##Data Access Services##Spark for Java##Apache Spark JDBC,Apache Spark JDBC,"rgb(250, 126, 20)",638
3351,5,Apache Spark JDBC Query,Services##Logic Services##Data Access Services##Spark for Java##Apache Spark JDBC Query,Apache Spark JDBC SQL queries,"rgb(250, 126, 20)",638
3180,5,Apache Velocity UI Call,User Interaction##Web Interaction##Web Presentation##Apache Velocity##Apache Velocity UI Call,Apache Velocity UI Call,"rgb(181, 26, 0)",102
1941,5,Apache Wicket Event,User Interaction##Web Interaction##Web Presentation##Apache Wicket##Apache Wicket Event,Apache Wicket Event,"rgb(184, 106, 3)",160
1949,5,BIRT Report,Services##Output Services##Reporting Services##Eclipse BIRT##BIRT Report,BIRT Report,"rgb(26, 95, 206)",331
3387,5,Beans,Services##Logic Services##Business Logic##JEE Business Logic##Beans,"All Beans that can used with Java Applications: CDI Named Bean, Java Bean, Spring Bean, JSF Managed Bean, and XML Bean ...","rgb(199, 180, 0)",3386
1950,5,Bottle Exposed API,System Interaction##Communication Services##Exposed API##Python Exposed Services##Bottle Exposed API,Exposed API using Bottle library,"rgb(91, 176, 48)",2176
3711,5,C# Class DAO,Services##Logic Services##Data Access Services##DotNET Data Access##C# Class DAO,,"rgb(121, 26, 62)",3710
1952,5,C# Form Classes,User Interaction##Screen Interaction##Rich Client Presentation##DotNET Presentation##C# Form Classes,C# Form Classes,"rgb(103, 48, 176)",2007
1955,5,CICS Presentation,User Interaction##Screen Interaction##Terminal Presentation##Mainframe Presentation##CICS Presentation,"CICS MAP, MAPSET and BMS","rgb(89, 10, 176)",2127
3322,5,CICS SOAP Operation,Services##Logic Services##Business Logic Communication##CICS SOAP Webservice##CICS SOAP Operation,CICS SOAP Operation,"rgb(3, 48, 176)",3309
3310,5,CICS SOAP Operation Call,Services##Logic Services##Business Logic Communication##CICS SOAP Webservice##CICS SOAP Operation Call,CICS SOAP Operation Call,"rgb(13, 48, 176)",3309
2207,5,CICS Temporary data sets,Data Services##Data File Services##Local Persistence##CICS Data Storage##CICS Temporary data sets,CICS temporary data sets,"rgb(18, 134, 192)",1954
1956,5,CICS Transient Data Queues,Data Services##Data File Services##Local Persistence##CICS Data Storage##CICS Transient Data Queues,"CICS Transient Data allowed application programs to write, read, and delete data that is in a transient data queue.","rgb(89, 10, 176)",1954
1957,5,CL Data Queue Publishers,System Interaction##Communication Services##Messaging Services##IBM DQ##CL Data Queue Publishers,All CL Data Queue Publishers,"rgb(202, 40, 40)",2039
1958,5,CL Data Queue Receiver,System Interaction##Communication Services##Messaging Services##IBM DQ##CL Data Queue Receiver,All CL Data Queue Receivers,"rgb(202, 40, 40)",2039
3978,5,CL EXEC SQL,Services##Logic Services##Data Access Services##IBM i Data Access##CL EXEC SQL,CL EXEC SQL Queries,"rgb(67, 45, 180)",3977
1961,5,CL IV IBM MQ Publishers,System Interaction##Communication Services##Messaging Services##IBM MQ##CL IV IBM MQ Publishers,CL 400 IBM MQ Publishers,"rgb(129, 29, 219)",2040
1962,5,CL IV IBM MQ Receivers,System Interaction##Communication Services##Messaging Services##IBM MQ##CL IV IBM MQ Receivers,CL 400 IBM MQ Receivers,"rgb(129, 29, 219)",2040
3850,5,CLONE - Apache NMS ActiveMQ Receivers,System Interaction##Communication Services##Messaging Services##Apache ActiveMQ NMS##CLONE - Apache NMS ActiveMQ Receivers,Apache NMS ActiveMQ Receivers,"rgb(104, 91, 149)",33
3988,5,CLONE - Pyramid Exposed API,System Interaction##Communication Services##Exposed API##Python Exposed Services##CLONE - Pyramid Exposed API,Exposed API using Pyramid library,"rgb(91, 176, 48)",2176
1963,5,CSS Files,User Interaction##Web Interaction##Web Presentation##HTML Templates##CSS Files,CSS Source code as files or fragments,"rgb(49, 117, 206)",18
1964,5,CherryPy Exposed API,System Interaction##Communication Services##Exposed API##Python Exposed Services##CherryPy Exposed API,Exposed API using CherryPy library,"rgb(91, 176, 48)",2176
3207,5,Cobol Batch Program,Services##Logic Services##Business Logic##Cobol Business Logic##Cobol Batch Program,"A COBOL Batch Program is a program designed to run in batch mode on a mainframe or legacy system. These programs are typically used for processing large volumes of data without user interaction. COBOL Batch Programs often read input data from files, process it according to business logic, and write the results to output files","rgb(121, 54, 138)",1965
1966,5,Cobol Data,Services##Logic Services##Business Logic##Cobol Business Logic##Cobol Data,Cobol Data,"rgb(156, 23, 223)",1965
1968,5,Cobol File Link,Services##Logic Services##Data Access Services##Cobol Data File Access##Cobol File Link,Cobol File Link,"rgb(0, 0, 0)",1967
3206,5,Cobol Transactional Program,Services##Logic Services##Business Logic##Cobol Business Logic##Cobol Transactional Program,"A COBOL Transactional Program is a program that is designed to perform transaction processing in a mainframe or legacy system. These programs are typically used in banking, finance, and other industries where large volumes of transactions need to be processed efficiently. COBOL Transactional Programs often interact with databases and other systems to retrieve and update information as part of a transaction.","rgb(138, 27, 97)",1965
1969,5,Config AWS API Gateway,System Interaction##Communication Services##Exposed API##AWS API Gateway##Config AWS API Gateway,AWS API Gateway using Cloud configurations,"rgb(198, 153, 8)",1873
1970,5,Config AWS Lambda,Services##Logic Services##Business Logic##AWS Lambda##Config AWS Lambda,AWS Lambda from Cloud Config ,"rgb(250, 126, 20)",1865
1971,5,Config AWS SNS Publishers,System Interaction##Communication Services##Messaging Services##AWS SNS##Config AWS SNS Publishers,Config AWS SNS Publishers,"rgb(111, 42, 202)",1871
1972,5,Config AWS SNS Subscribers,System Interaction##Communication Services##Messaging Services##AWS SNS##Config AWS SNS Subscribers,Config AWS SNS Subscribers,"rgb(111, 42, 202)",1871
1973,5,Config AWS SQS Publishers,System Interaction##Communication Services##Messaging Services##AWS SQS##Config AWS SQS Publishers,AWS SQS Publishers provided by Cloud Config ,"rgb(180, 138, 3)",1872
1974,5,Config AWS SQS Subscribers,System Interaction##Communication Services##Messaging Services##AWS SQS##Config AWS SQS Subscribers,Config AWS SQS Subscribers,"rgb(180, 138, 3)",1872
1976,5,Dapper Entity,Services##Logic Services##Data Access Services##Dapper##Dapper Entity,Dapper Entities,"rgb(142, 21, 217)",271
1977,5,Dapper Query,Services##Logic Services##Data Access Services##Dapper##Dapper Query,Dapper Queries,"rgb(142, 21, 217)",271
249,5,DataStax Cassandra,Services##Logic Services##Data Access Services##Apache Cassandra##DataStax Cassandra,"DataStax Cassandra is a scale-out, cloud-native NoSQL database built on Apache Cassandra.","rgb(227, 36, 0)",129
3816,5,DbUtils Query,Services##Logic Services##Data Access Services##DbUtils##DbUtils Query,Apache Commons DbUtils Queries,"rgb(207, 97, 7)",3236
1975,5,Direct Web Remoting Call,User Interaction##Web Interaction##Web Presentation##Direct Web Remoting##Direct Web Remoting Call,Direct Web Remoting,"rgb(176, 46, 46)",401
1979,5,Django Exposed API,System Interaction##Communication Services##Exposed API##Python Exposed Services##Django Exposed API,Exposed API using Django library,"rgb(91, 176, 48)",2176
1980,5,DotNET AWS API Gateway,System Interaction##Communication Services##Exposed API##AWS API Gateway##DotNET AWS API Gateway,AWS API Gateway using DotNET SDK,"rgb(198, 153, 8)",1873
1981,5,DotNET AWS DynamoDB,Data Services##Database Services##NoSQL Services##AWS DynamoDB##DotNET AWS DynamoDB,AWS DynamoDB using CGP .NET SDK access,"rgb(9, 130, 221)",1867
1982,5,DotNET AWS Lambda handler,Services##Logic Services##Business Logic##AWS Lambda##DotNET AWS Lambda handler,.NET AWS Lambda handler ,"rgb(250, 126, 20)",1865
1983,5,DotNET AWS S3,Data Services##Data File Services##File Storage##AWS S3##DotNET AWS S3,AWS S3 using AWS .NET SDK access,"rgb(213, 10, 10)",1866
1984,5,DotNET AWS SNS Publishers,System Interaction##Communication Services##Messaging Services##AWS SNS##DotNET AWS SNS Publishers,DotNET AWS SNS Publishers,"rgb(111, 42, 202)",1871
1985,5,DotNET AWS SNS Subscribers,System Interaction##Communication Services##Messaging Services##AWS SNS##DotNET AWS SNS Subscribers,DotNET AWS SNS Subscribers,"rgb(111, 42, 202)",1871
1986,5,DotNET AWS SQS Publishers,System Interaction##Communication Services##Messaging Services##AWS SQS##DotNET AWS SQS Publishers,.NET AWS SQS Publishers,"rgb(180, 138, 3)",1872
1987,5,DotNET AWS SQS Subscribers,System Interaction##Communication Services##Messaging Services##AWS SQS##DotNET AWS SQS Subscribers,DotNET AWS SQS Subscribers,"rgb(180, 138, 3)",1872
3036,5,DotNET Apache Lucene,Data Services##Database Services##NoSQL Services##Apache Lucene##DotNET Apache Lucene,DotNET Apache Lucene indexes,"rgb(18, 160, 40)",3035
3034,5,DotNET Apache Solr,Data Services##Database Services##NoSQL Services##Apache Solr##DotNET Apache Solr,DotNET Apache Solr Indexes,"rgb(229, 29, 29)",3032
1988,5,DotNET Azure Blob,Data Services##Data File Services##File Storage##Azure Blob for .NET##DotNET Azure Blob,Azure Blob using Azure .NET SDK access,"rgb(57, 164, 231)",3735
1989,5,DotNET Azure CosmosDB,Data Services##Database Services##NoSQL Services##Azure Cosmos DB##DotNET Azure CosmosDB,DotNET Azure CosmosDB Collections,"rgb(16, 65, 223)",1943
1990,5,DotNET Azure Event Hub Publishers,System Interaction##Communication Services##Messaging Services##Azure Event Hub##DotNET Azure Event Hub Publishers,All publishers created using Azure Event Hub .NET SDK,"rgb(12, 182, 20)",1944
1991,5,DotNET Azure Event Hub Receivers,System Interaction##Communication Services##Messaging Services##Azure Event Hub##DotNET Azure Event Hub Receivers,All receivers created using Azure Event Hub .NET SDK,"rgb(12, 182, 20)",1944
1992,5,DotNET Azure Function,Services##Logic Services##Business Logic##Azure Function##DotNET Azure Function,DotNET Azure Function,"rgb(10, 120, 241)",1945
1993,5,DotNET Azure HttpTrigger,System Interaction##Communication Services##Exposed API##Azure HttpTrigger##DotNET Azure HttpTrigger,DotNET Azure HttpTrigger,"rgb(53, 185, 217)",1946
1995,5,DotNET Couchbase,Data Services##Database Services##NoSQL Services##Couchbase##DotNET Couchbase,DotNET Couchbase Bucket/Collection,"rgb(219, 29, 29)",1854
1996,5,DotNET Elasticsearch,Data Services##Database Services##NoSQL Services##Elasticsearch##DotNET Elasticsearch,DotNET Elasticsearch ,"rgb(229, 198, 16)",1857
1997,5,DotNET GCP Bigtable,Data Services##Database Services##NoSQL Services##GCP Bigtable##DotNET GCP Bigtable,GCP Bigtable instances using .NET SDK,"rgb(34, 101, 176)",2032
1998,5,DotNET GCP PubSub Publishers,System Interaction##Communication Services##Messaging Services##GCP Pub-Sub##DotNET GCP PubSub Publishers,DotNET GCP PubSub Publishers,"rgb(25, 107, 196)",2033
1999,5,DotNET GCP PubSub Subscribers,System Interaction##Communication Services##Messaging Services##GCP Pub-Sub##DotNET GCP PubSub Subscribers,DotNET GCP PubSub Subscribers,"rgb(25, 107, 196)",2033
2000,5,DotNET GCP PubSub Subscriptions,System Interaction##Communication Services##Messaging Services##GCP Pub-Sub##DotNET GCP PubSub Subscriptions,DotNET GCP PubSub Subscriptions,"rgb(25, 107, 196)",2033
2001,5,DotNET GCP Storage,Data Services##Data File Services##File Storage##GCP Storage##DotNET GCP Storage,CGP Storage Blob using CGP .NET SDK access,"rgb(25, 107, 196)",2034
2004,5,DotNET Memcached,Data Services##Database Services##NoSQL Services##Memcached##DotNET Memcached,DotNET Memcached data ,"rgb(12, 136, 65)",1853
2005,5,DotNET MongoDB,Data Services##Database Services##NoSQL Services##MongoDB##DotNET MongoDB,DotNET MongoDB,"rgb(11, 178, 11)",1859
2006,5,DotNET MyBatis Queries,Services##Logic Services##Data Access Services##MyBatis for .NET##DotNET MyBatis Queries,DotNET MyBatis Queries,"rgb(137, 99, 6)",3263
3030,5,DotNET OData Services Call,Services##Logic Services##Business Logic Communication##DotNET Communication##DotNET OData Services Call,DotNET OData Services Call,"rgb(158, 28, 250)",1994
2009,5,DotNET SOAP Services,System Interaction##Communication Services##Exposed API##ASP.NET Exposed Services##DotNET SOAP Services,DotNET SOAP Services,"rgb(103, 48, 176)",1901
2010,5,DotNET Soap Services Call,Services##Logic Services##Business Logic Communication##DotNET Communication##DotNET Soap Services Call,DotNET Soap Services Call,"rgb(103, 48, 176)",1994
2011,5,DotNET Web Services Call,Services##Logic Services##Business Logic Communication##DotNET Communication##DotNET Web Services Call,DotNET Web Services Call,"rgb(103, 48, 176)",1994
2012,5,DotNET XAML Classes,User Interaction##Screen Interaction##Rich Client Presentation##DotNET Presentation##DotNET XAML Classes,DotNET XAML Classes,"rgb(103, 48, 176)",2007
2013,5,DotNET XAML UI,User Interaction##Screen Interaction##Rich Client Presentation##DotNET Presentation##DotNET XAML UI,.NET XAML UI,"rgb(103, 48, 176)",2007
2014,5,DotNET gRPC Services,System Interaction##Communication Services##Exposed API##ASP.NET Exposed Services##DotNET gRPC Services,DotNET gRPC Service Methods,"rgb(103, 48, 255)",1901
2015,5,DotNET gRPC Services Call,Services##Logic Services##Business Logic Communication##gRPC for .NET##DotNET gRPC Services Call,DotNet call to gRPC service method,"rgb(103, 48, 255)",30
2016,5,DotNet Azure Service Bus Publishers,System Interaction##Communication Services##Messaging Services##Azure Service Bus##DotNet Azure Service Bus Publishers,All publishers created using Azure Service Bus .NET SDK,"rgb(37, 172, 186)",1947
2017,5,DotNet Azure Service Bus Receivers,System Interaction##Communication Services##Messaging Services##Azure Service Bus##DotNet Azure Service Bus Receivers,All receivers created using Azure Service Bus .NET SDK,"rgb(37, 172, 186)",1947
2018,5,DotNet Azure WebJobs,Services##Logic Services##Business Logic##Azure WebJobs##DotNet Azure WebJobs,DotNet Azure WebJobs,"rgb(10, 120, 241)",1948
2019,5,DotNet Call to Azure Function,Services##Logic Services##Business Logic##Azure Function##DotNet Call to Azure Function,DotNet Call to Azure Function,"rgb(57, 164, 231)",1945
2020,5,DotNet Call to Azure WebJobs,Services##Logic Services##Business Logic##Azure WebJobs##DotNet Call to Azure WebJobs,DotNet Call to Azure WebJobs,"rgb(57, 164, 231)",1948
2990,5,DotNet RabbitMQ Publishers,System Interaction##Communication Services##Messaging Services##RabbitMQ for .NET##DotNet RabbitMQ Publishers,DotNet RabbitMQ Publishers,"rgb(251, 120, 0)",3097
2991,5,DotNet RabbitMQ Receivers,System Interaction##Communication Services##Messaging Services##RabbitMQ for .NET##DotNet RabbitMQ Receivers,DotNet RabbitMQ Receivers,"rgb(251, 120, 0)",3097
2021,5,DotNet SignalR Call to Hub,System Interaction##Communication Services##Messaging Services##SignalR##DotNet SignalR Call to Hub,SignalR Call to Hub using .NET SDK,"rgb(57, 164, 231)",2203
2022,5,DotNet SignalR Hub,System Interaction##Communication Services##Messaging Services##SignalR##DotNet SignalR Hub,SignalR Hub using .NET SDK,"rgb(57, 164, 231)",2203
2028,5,ESDS VSAM Files,Data Services##Data File Services##DataSet Storage##DataSet Files##ESDS VSAM Files,ESDS VSAM Files,"rgb(18, 134, 192)",1978
3353,5,EclipseLink Entity,Services##Logic Services##Data Access Services##EclipseLink##EclipseLink Entity,EclipseLink,"rgb(202, 10, 10)",369
2023,5,Entity  Framework Entity,Services##Logic Services##Data Access Services##Entity Framework##Entity  Framework Entity,EntityFramework,"rgb(120, 37, 210)",2029
2024,5,Entity Framework Core Entity,Services##Logic Services##Data Access Services##Entity Framework##Entity Framework Core Entity,Entity Framework Entity,"rgb(120, 37, 210)",2029
2030,5,Falcon Exposed API,System Interaction##Communication Services##Exposed API##Python Exposed Services##Falcon Exposed API,Exposed API using Falcon library,"rgb(91, 176, 48)",2176
2031,5,Flask Exposed API,System Interaction##Communication Services##Exposed API##Python Exposed Services##Flask Exposed API,Exposed API using Flask library,"rgb(91, 176, 48)",2176
2035,5,GDG Files,Data Services##Data File Services##DataSet Storage##DataSet Files##GDG Files,A generation data group (GDG) is a collection of historically related non-VSAM data sets that are arranged in chronological order,"rgb(18, 134, 192)",1978
2036,5,GSAM Files,Data Services##Data File Services##DataSet Storage##DataSet Files##GSAM Files,GSAM Files,"rgb(18, 134, 192)",1978
3340,5,GWT Remote Operation,User Interaction##Web Interaction##Web Presentation##Google GWT##GWT Remote Operation,GWT Remote Operation,"rgb(227, 36, 0)",288
3339,5,GWT Service Call,User Interaction##Web Interaction##Web Presentation##Google GWT##GWT Service Call,GWT Service Call,"rgb(227, 36, 0)",288
3199,5,GWT View,User Interaction##Web Interaction##Web Presentation##Google GWT##GWT View,GWT Views,"rgb(227, 40, 0)",288
2037,5,HTML Pages,User Interaction##Web Interaction##Web Presentation##HTML Templates##HTML Pages,HTML Source code as files or fragments,"rgb(227, 76, 2)",18
3411,5,Handlebars Sources Code,User Interaction##Web Interaction##Web Presentation##HTML Templates##Handlebars Sources Code,Handlebars Sources Code,"rgb(227, 76, 2)",18
3354,5,Hibernate v2 Entity,Services##Logic Services##Data Access Services##Hibernate v2##Hibernate v2 Entity,Hibernate v2 Entity and Operation Entity,"rgb(202, 10, 10)",3343
2062,5,Hibernate v3+ Entity,Services##Logic Services##Data Access Services##Hibernate v3##Hibernate v3+ Entity,Hibernate v3+ Entity and Operation Entity,"rgb(202, 10, 10)",3344
3845,5,IBM MQ Consumers,System Interaction##Communication Services##Messaging Services##IBM MQ for Java##IBM MQ Consumers,IBM MQ Java Queue Consumer,"rgb(45, 177, 210)",295
3842,5,IBM MQ Producers,System Interaction##Communication Services##Messaging Services##IBM MQ for Java##IBM MQ Producers,IBM MQ Java Queue Producers,"rgb(81, 45, 210)",295
3843,5,IBM MQ Topic Publishers,System Interaction##Communication Services##Messaging Services##IBM MQ for Java##IBM MQ Topic Publishers,IBM MQ Java Topic Publisher,"rgb(45, 177, 210)",295
3844,5,IBM MQ Topic Subscribers,System Interaction##Communication Services##Messaging Services##IBM MQ for Java##IBM MQ Topic Subscribers,IBM MQ Java Topic Subscriber,"rgb(81, 45, 210)",295
2041,5,IBM MQSeries Publishers,System Interaction##Communication Services##Messaging Services##IBM MQ##IBM MQSeries Publishers,IBM MQSeries Publishers,"rgb(24, 148, 198)",2040
2042,5,IBM MQSeries Subscribers,System Interaction##Communication Services##Messaging Services##IBM MQ##IBM MQSeries Subscribers,IBM MQSeries Subscribers,"rgb(24, 148, 198)",2040
2045,5,IMS Files,Services##Logic Services##Data Access Services##IMS Data File Access##IMS Files,IMS Files,"rgb(18, 134, 192)",2044
2046,5,IMS PCB,Services##Logic Services##Data Access Services##IMS Data File Access##IMS PCB,IMS DB PCB/IMS GSAM PCB/IMS Unknwon PCB,"rgb(18, 68, 192)",2044
2047,5,IMS PSB,Services##Logic Services##Data Access Services##IMS Data File Access##IMS PSB, JCL External PSB and Cobol PSB those are unknown PSB that mean some PSB not resolved and so without PCB,"rgb(18, 68, 192)",2044
2049,5,IMS Presentation,User Interaction##Screen Interaction##Terminal Presentation##Mainframe Presentation##IMS Presentation,"IMS Message Output and Input Descriptors
IMS Message Format Service
MFS MOD, MFS MOD, MFS FMT","rgb(18, 68, 192)",2127
2050,5,JAX-RS Exposed API,System Interaction##Communication Services##Exposed API##JEE Exposed Services##JAX-RS Exposed API,JAX-RS Exposed API,"rgb(210, 20, 20)",2056
2053,5,JCL Libraries,System Interaction##Batch Services##Script Batch Interfaces##JCL Batch Processing##JCL Libraries,"JCL libraries are collections of Job Control Language (JCL) statements and procedures used to define and manage batch jobs on IBM mainframes. They include JCL statements for job configuration, reusable procedures, cataloged procedures for code reuse, and system libraries with standard utilities.","rgb(59, 18, 192)",2051
2054,5,JCL Query,Services##Logic Services##Data Access Services##JCL Data Access##JCL Query,JCL Queries,"rgb(59, 18, 192)",2052
3219,5,JCL Run Java Program,System Interaction##Communication Services##Business Process Services##Run Service##JCL Run Java Program,Direct execution of a Java program from JCL,"rgb(192, 50, 80)",3216
3349,5,JDBC Query,Services##Logic Services##Data Access Services##JDBC##JDBC Query,JDBC SQL Query & JDBC Unknown SQL Query,"rgb(184, 34, 34)",1884
3348,5,JDBI Query,Services##Logic Services##Data Access Services##Jdbi##JDBI Query,JDBI SQL Query & JDBI Unknown SQL Query,"rgb(184, 34, 34)",406
2057,5,JFace UI,User Interaction##Screen Interaction##Rich Client Presentation##Eclipse SWT JFace##JFace UI,JFace UI,"rgb(225, 20, 20)",398
2059,5,JPA Entity,Services##Logic Services##Data Access Services##JPA##JPA Entity,JPA Entities and Entity Operations,"rgb(202, 10, 10)",3178
3813,5,JPA Query,Services##Logic Services##Data Access Services##JPA##JPA Query,,"rgb(202, 10, 10)",3178
3427,5,JSF UI Components,User Interaction##Screen Interaction##Rich Client Presentation##JavaServer Faces##JSF UI Components,JSF UI Components,"rgb(182, 30, 10)",399
2063,5,JSP Pages,User Interaction##Web Interaction##Web Presentation##Java Web Presentation##JSP Pages,JSP Pages,"rgb(194, 11, 11)",2117
3412,5,Jade Sources Code,User Interaction##Web Interaction##Web Presentation##HTML Templates##Jade Sources Code,Jade Sources Code,"rgb(227, 76, 2)",18
3350,5,Jakarta Persistence Entity,Services##Logic Services##Data Access Services##Jakarta Persistence##Jakarta Persistence Entity,Jakarta Persistence,"rgb(202, 10, 10)",3342
2064,5,Java AWS API Gateway,System Interaction##Communication Services##Exposed API##AWS API Gateway##Java AWS API Gateway,AWS API Gaetway using the Java SDK,"rgb(198, 153, 8)",1873
2065,5,Java AWS DynamoDB,Data Services##Database Services##NoSQL Services##AWS DynamoDB##Java AWS DynamoDB,Java AWS DynamoDB,"rgb(9, 130, 221)",1867
2066,5,Java AWS Lambda handler,Services##Logic Services##Business Logic##AWS Lambda##Java AWS Lambda handler,Java AWS Lambda handler ,"rgb(250, 126, 20)",1865
2067,5,Java AWS S3,Data Services##Data File Services##File Storage##AWS S3##Java AWS S3,AWS S3 using AWS Java SDK access,"rgb(235, 9, 9)",1866
2068,5,Java AWS SNS Publishers,System Interaction##Communication Services##Messaging Services##AWS SNS##Java AWS SNS Publishers,Java AWS SNS Publishers,"rgb(111, 42, 202)",1871
2069,5,Java AWS SNS Subscribers,System Interaction##Communication Services##Messaging Services##AWS SNS##Java AWS SNS Subscribers,Java AWS SNS Subscribers,"rgb(111, 42, 202)",1871
2070,5,Java AWS SQS Publishers,System Interaction##Communication Services##Messaging Services##AWS SQS##Java AWS SQS Publishers,Java AWS SQS Publishers ,"rgb(180, 138, 3)",1872
2071,5,Java AWS SQS Subscribers,System Interaction##Communication Services##Messaging Services##AWS SQS##Java AWS SQS Subscribers,Java AWS SQS Subscribers,"rgb(180, 138, 3)",1872
2072,5,Java AWT UI,User Interaction##Screen Interaction##Rich Client Presentation##Java AWT##Java AWT UI,Java AWT SWT UI,"rgb(225, 20, 20)",137
2073,5,Java ActiveMQ Publishers,System Interaction##Communication Services##Messaging Services##ActiveMQ##Java ActiveMQ Publishers,Java ActiveMQ Publishers,"rgb(213, 10, 10)",1910
2074,5,Java ActiveMQ Subscribers,System Interaction##Communication Services##Messaging Services##ActiveMQ##Java ActiveMQ Subscribers,Java ActiveMQ Subscribers,"rgb(213, 10, 10)",1910
2075,5,Java Apache Cassandra,Services##Logic Services##Data Access Services##Apache Cassandra##Java Apache Cassandra,Apache Cassandra SDK for Java,"rgb(188, 21, 21)",129
2076,5,Java Apache Lucene,Data Services##Database Services##NoSQL Services##Apache Lucene##Java Apache Lucene,Java Apache Lucene Indexes,"rgb(18, 160, 40)",3035
3033,5,Java Apache Solr,Data Services##Database Services##NoSQL Services##Apache Solr##Java Apache Solr,Java Apache Solr Indexes,"rgb(229, 29, 29)",3032
2077,5,Java Azure Blob,Data Services##Data File Services##File Storage##Azure Blob for Java##Java Azure Blob,Azure Blob using Azure Java SDK access,"rgb(57, 164, 231)",3736
2078,5,Java Azure CosmosDB,Data Services##Database Services##NoSQL Services##Azure Cosmos DB##Java Azure CosmosDB,Java Azure CosmosDB Collections,"rgb(16, 65, 223)",1943
2079,5,Java Azure Event Hub Publishers,System Interaction##Communication Services##Messaging Services##Azure Event Hub##Java Azure Event Hub Publishers,All publishers created using Azure Event Hub Java SDK,"rgb(12, 182, 20)",1944
2080,5,Java Azure Event Hub Receivers,System Interaction##Communication Services##Messaging Services##Azure Event Hub##Java Azure Event Hub Receivers,All receivers created using Azure Event Hub Java SDK,"rgb(12, 182, 20)",1944
2081,5,Java Azure Function,Services##Logic Services##Business Logic##Azure Function##Java Azure Function,Java Azure Function,"rgb(10, 120, 241)",1945
2082,5,Java Azure HttpTrigger,System Interaction##Communication Services##Exposed API##Azure HttpTrigger##Java Azure HttpTrigger,Java Azure HttpTrigger,"rgb(53, 185, 217)",1946
2083,5,Java Azure Service Bus Publishers,System Interaction##Communication Services##Messaging Services##Azure Service Bus##Java Azure Service Bus Publishers,All publishers created using Azure Service Bus Java SDK,"rgb(37, 172, 186)",1947
2084,5,Java Azure Service Bus Receivers,System Interaction##Communication Services##Messaging Services##Azure Service Bus##Java Azure Service Bus Receivers,All receivers created using Azure Service Bus Java SDK,"rgb(37, 172, 186)",1947
2085,5,Java Call to Azure Function,Services##Logic Services##Business Logic##Azure Function##Java Call to Azure Function,Java Call to Azure Function,"rgb(57, 164, 231)",1945
3192,5,Java Class AWT,User Interaction##Screen Interaction##Rich Client Presentation##Java AWT##Java Class AWT,"Java AWT (Abstract Window Toolkit) class is a set of classes and methods used to create and manage graphical user interface (GUI) components, such as windows, buttons, and menus, in Java applications. It provides a platform-independent way to build GUIs for Java programs. AWT components are lightweight and rely on the native platform's GUI toolkit for rendering, making them less customizable compared to Swing components.","rgb(154, 10, 10)",137
3190,5,Java Class Batch,System Interaction##Batch Services##Script Batch Interfaces##Java Batch Processing##Java Class Batch,"In Java, a Batch class typically refers to a class that contains the configuration for a batch job in a batch processing system. It defines the steps and processing logic for the batch job, such as reading data, processing it, and writing the results. Batch classes are used to automate and manage the execution of batch jobs in Java applications.","rgb(55, 20, 220)",3189
3200,5,Java Class DAO,Services##Logic Services##Data Access Services##Java Data Access##Java Class DAO,"A Java DAO (Data Access Object) class is a class that provides an abstract interface to some type of database or other persistence mechanism. It typically contains methods for performing CRUD (Create, Read, Update, Delete) operations on data objects. DAO classes abstract the details of accessing the database and provide a clean separation between business logic and data access code. They are commonly used in enterprise applications to manage data access operations.","rgb(203, 188, 110)",2089
2026,5,Java Class EJB,Services##Logic Services##Business Logic Communication##Java Communication##Java Class EJB,"A Java EJB (Enterprise JavaBean) class is a server-side component that encapsulates business logic in a distributed Java EE application. EJBs provide services such as transaction management, security, and concurrency control, making them suitable for enterprise-level applications. They are annotated with @Stateless, @Stateful, or @MessageDriven to define their behavior and are managed by the EJB container. EJBs promote modularity and reusability by allowing developers to focus on business logic rather than infrastructure concerns.","rgb(225, 20, 20)",2086
3195,5,Java Class JFace,User Interaction##Screen Interaction##Rich Client Presentation##Eclipse SWT JFace##Java Class JFace,"JFace is a UI toolkit that simplifies the development of user interfaces in Java applications, particularly when using the Eclipse platform. It provides various reusable classes and frameworks, including viewers, actions, and dialog boxes, to handle common UI tasks and reduce the amount of code developers need to write","rgb(182, 30, 10)",398
3193,5,Java Class JavaFX,User Interaction##Screen Interaction##Rich Client Presentation##JavaFX##Java Class JavaFX,"JavaFX is a set of Java libraries for building modern, platform-independent graphical user interfaces (GUIs). It provides a rich set of UI controls, 3D graphics, media support, and CSS styling.","rgb(0, 70, 70)",3092
3197,5,Java Class SWT,User Interaction##Screen Interaction##Rich Client Presentation##Eclipse SWT JFace##Java Class SWT,"Java SWT (Standard Widget Toolkit) class is a set of GUI components for creating desktop applications in Java. SWT provides a native look and feel by using the underlying platform's GUI toolkit, making it more responsive and efficient than Swing in certain scenarios. SWT components are lightweight and offer a rich set of controls for building modern user interfaces.","rgb(182, 30, 10)",398
3211,5,Java Class Servlet,System Interaction##Communication Services##Exposed API##JEE Exposed Services##Java Class Servlet,"Servlets are most often used to process or store data that was submitted from an HTML form, provide dynamic content such as the results of a database query or manage state information that does not exist in the stateless HTTP protocol","rgb(210, 0, 0)",2056
3203,5,Java Class Struts,Services##Logic Services##Business Logic Communication##Java Communication##Java Class Struts,A Java Struts class is a controller component in the Apache Struts framework that handles user requests and orchestrates the execution of business logic. It typically extends the Action class and is configured in the struts-config.xml file to map request URLs to specific actions,"rgb(195, 20, 20)",2086
3191,5,Java Class Swing,User Interaction##Screen Interaction##Rich Client Presentation##Java Swing##Java Class Swing,"Java Swing class is a set of GUI (Graphical User Interface) components for building desktop applications in Java. It provides a rich set of controls, such as buttons, labels, and text fields, that can be customized and arranged to create user-friendly interfaces.","rgb(225, 10, 10)",161
3204,5,Java Class Thread,Services##Logic Services##Business Logic Communication##Java Communication##Java Class Thread,"The Java Thread class represents a thread of execution in a Java program, allowing concurrent execution of code. It is used to create and manage threads in Java applications. The Thread class provides methods for starting, stopping, and controlling thread execution, as well as for synchronization and communication between threads","rgb(195, 20, 20)",2086
3205,5,Java Class WS,System Interaction##Communication Services##Exposed API##JEE Exposed Services##Java Class WS,A Java WS (Web Service) class is a Java class that defines the implementation of a web service. It contains methods that can be invoked remotely over a network using standard web protocols such as SOAP or REST,"rgb(195, 20, 20)",2056
3201,5,Java Class WS Calls,Services##Logic Services##Business Logic Communication##Java Communication##Java Class WS Calls,"A Java Web Service Call class is a Java class used to invoke web services over the network. It typically uses libraries to handle the communication with the web service. These classes encapsulate the logic for making the request, handling the response, and processing the data returned by the web service.","rgb(195, 20, 20)",2086
2087,5,Java CouchDB,Data Services##Database Services##NoSQL Services##CouchDB##Java CouchDB,Java CouchDB Collections,"rgb(219, 29, 29)",1862
2088,5,Java Couchbase,Data Services##Database Services##NoSQL Services##Couchbase##Java Couchbase,Java Couchbase Bucket/Collection,"rgb(219, 29, 29)",1854
2090,5,Java Elasticsearch,Data Services##Database Services##NoSQL Services##Elasticsearch##Java Elasticsearch,Java Elasticsearch,"rgb(229, 198, 16)",1857
2092,5,Java GCP Bigtable,Data Services##Database Services##NoSQL Services##GCP Bigtable##Java GCP Bigtable,GCP Bigtable instances using Java SDK,"rgb(34, 101, 176)",2032
2093,5,Java GCP PubSub Publishers,System Interaction##Communication Services##Messaging Services##GCP Pub-Sub##Java GCP PubSub Publishers,Java GCP PubSub Publishers,"rgb(25, 107, 196)",2033
2094,5,Java GCP PubSub Subscribers,System Interaction##Communication Services##Messaging Services##GCP Pub-Sub##Java GCP PubSub Subscribers,Java GCP PubSub Subscribers,"rgb(25, 107, 196)",2033
2095,5,Java GCP PubSub Subscriptions,System Interaction##Communication Services##Messaging Services##GCP Pub-Sub##Java GCP PubSub Subscriptions,Java GCP PubSub Subscriptions,"rgb(25, 107, 196)",2033
2096,5,Java GCP Storage,Data Services##Data File Services##File Storage##GCP Storage##Java GCP Storage,CGP Storage Blob using CGP Java SDK access,"rgb(25, 107, 196)",2034
2097,5,Java IBM MQ Publishers,System Interaction##Communication Services##Messaging Services##IBM MQ##Java IBM MQ Publishers,Java IBM MQ Publishers,"rgb(213, 10, 10)",2040
2098,5,Java IBM MQ Subscribers,System Interaction##Communication Services##Messaging Services##IBM MQ##Java IBM MQ Subscribers,Java IBM MQ Subscribers,"rgb(213, 10, 10)",2040
2027,5,Java Interface EJB,Services##Logic Services##Business Logic Communication##Java Communication##Java Interface EJB,Java Interface EJB,"rgb(225, 20, 20)",2086
2099,5,Java JMS MQ Publishers,System Interaction##Communication Services##Messaging Services##JMS MQ##Java JMS MQ Publishers,Java JMS MQ Publishers,"rgb(213, 10, 10)",2058
2100,5,Java JMS MQ Subscribers,System Interaction##Communication Services##Messaging Services##JMS MQ##Java JMS MQ Subscribers,Java JMS MQ Subscribers,"rgb(213, 10, 10)",2058
2101,5,Java Kafka MQ Publishers,System Interaction##Communication Services##Messaging Services##Apache Kafka for Java##Java Kafka MQ Publishers,Java Kafka MQ Publishers,"rgb(213, 10, 10)",99
2102,5,Java Kafka MQ Subscribers,System Interaction##Communication Services##Messaging Services##Apache Kafka for Java##Java Kafka MQ Subscribers,Java Kafka MQ Subscribers,"rgb(213, 10, 10)",99
3854,5,Java Marklogic,Data Services##Database Services##NoSQL Services##Marklogic##Java Marklogic,Java Marklogic,"rgb(237, 69, 12)",1851
2103,5,Java Memcached,Data Services##Database Services##NoSQL Services##Memcached##Java Memcached,Java Memcached data,"rgb(12, 136, 65)",1853
2104,5,Java Message Driven Bean Publishers,System Interaction##Communication Services##Messaging Services##Message Driven Bean##Java Message Driven Bean Publishers,Java Message Driven Bean Publishers,"rgb(213, 10, 10)",2129
2105,5,Java Message Driven Bean Subscribers,System Interaction##Communication Services##Messaging Services##Message Driven Bean##Java Message Driven Bean Subscribers,Java Message Driven Bean Subscribers,"rgb(213, 10, 10)",2129
2106,5,Java MongoDB,Data Services##Database Services##NoSQL Services##MongoDB##Java MongoDB,Java MongoDB,"rgb(11, 178, 11)",1859
2108,5,Java RabbitMQ Publishers,System Interaction##Communication Services##Messaging Services##RabbitMQ for Java##Java RabbitMQ Publishers,Java RabbitMQ Publishers,"rgb(251, 120, 0)",1389
2109,5,Java RabbitMQ Subscribers,System Interaction##Communication Services##Messaging Services##RabbitMQ for Java##Java RabbitMQ Subscribers,Java RabbitMQ Subscribers,"rgb(251, 120, 0)",1389
3221,5,Java Run Service,System Interaction##Communication Services##Business Process Services##Run Service##Java Run Service,Direct execution of a Java program or any generic program from Java,"rgb(192, 50, 80)",3216
2112,5,Java SOAP Services,System Interaction##Communication Services##Exposed API##JEE Exposed Services##Java SOAP Services,Java SOAP Exposed Services,"rgb(182, 12, 12)",2056
2113,5,Java SOAP Services Call,Services##Logic Services##Business Logic Communication##Java Communication##Java SOAP Services Call,Java Services Call to SOAP Services,"rgb(182, 12, 12)",2086
3196,5,Java SWT UI,User Interaction##Screen Interaction##Rich Client Presentation##Eclipse SWT JFace##Java SWT UI,Java SWT UI and SWT Event Handler,"rgb(182, 30, 10)",398
2114,5,Java Servlet Exposed API,System Interaction##Communication Services##Exposed API##JEE Exposed Services##Java Servlet Exposed API,Java Servlet Exposed API,"rgb(91, 176, 48)",2056
2115,5,Java SignalR Call to Hub,System Interaction##Communication Services##Messaging Services##SignalR for Java##Java SignalR Call to Hub,SignalR Call to Hub using Java SDK,"rgb(57, 164, 231)",1378
2116,5,Java Swing UI,User Interaction##Screen Interaction##Rich Client Presentation##Java Swing##Java Swing UI,Java Swing UI,"rgb(225, 20, 20)",161
2118,5,Java Web Services Call,Services##Logic Services##Business Logic Communication##Java Communication##Java Web Services Call,Java Web Services Call,"rgb(182, 12, 12)",2086
2119,5,Java gRPC Services,System Interaction##Communication Services##Exposed API##JEE Exposed Services##Java gRPC Services,Java gRPC Services,"rgb(164, 33, 33)",2056
2120,5,Java gRPC Services Call,Services##Logic Services##Business Logic Communication##gRPC for Java##Java gRPC Services Call,Java gRPC Services Call,"rgb(164, 33, 33)",105
3163,5,JavaFX Views,User Interaction##Screen Interaction##Rich Client Presentation##JavaFX##JavaFX Views,JavaFX View,"rgb(0, 77, 101)",3092
2122,5,Javascript Web Service Call,User Interaction##Web Interaction##Web Communication##Javascript Communication##Javascript Web Service Call,All call to services using Javascript libraries,"rgb(237, 203, 62)",2121
2123,5,KSDS VSAM Files,Data Services##Data File Services##DataSet Storage##DataSet Files##KSDS VSAM Files,KSDS VSAM Files,"rgb(18, 134, 192)",1978
2125,5,LDS VSAM Files,Data Services##Data File Services##DataSet Storage##DataSet Files##LDS VSAM Files,LDS VSAM Files,"rgb(18, 134, 192)",1978
3818,5,MS ApplicationBlocks Data Query,Services##Logic Services##Data Access Services##ApplicationBlocks Data##MS ApplicationBlocks Data Query,MS ApplicationBlocks Data SQL Queries,"rgb(72, 45, 210)",3262
3547,5,MS Enterprise Library Query,Services##Logic Services##Data Access Services##MS Enterprise Library##MS Enterprise Library Query,MS Enterprise Library SQL Queries and Unknown Queries,"rgb(123, 30, 160)",583
2128,5,Mainframe Unknown Program,Services##Logic Services##Business Logic##Cobol Business Logic##Mainframe Unknown Program,Mainframe Unknown Program,"rgb(134, 146, 156)",1965
3439,5,MediatR DotNet Publishers,System Interaction##Communication Services##Messaging Services##MediatR##MediatR DotNet Publishers,MediatR DotNet Publishers,"rgb(57, 160, 240)",3175
3440,5,MediatR DotNet Receivers,System Interaction##Communication Services##Messaging Services##MediatR##MediatR DotNet Receivers,MediatR DotNet Receivers,"rgb(57, 160, 240)",3175
2130,5,Missing Procedures,Data Services##Database Services##RDBMS Services##Missing RDBMS##Missing Procedures,Missing Procedures,"rgb(128, 122, 122)",2131
2132,5,Missing Schema,Data Services##Database Services##RDBMS Services##Missing RDBMS##Missing Schema,Missing Schema,"rgb(105, 102, 102)",2131
2133,5,Missing Tables,Data Services##Database Services##RDBMS Services##Missing RDBMS##Missing Tables,Missing Tables,"rgb(105, 102, 102)",2131
3314,5,MyBatis Java Entity,Services##Logic Services##Data Access Services##MyBatis for Java##MyBatis Java Entity,Java MyBatis Data Access with Entities,"rgb(220, 70, 15)",123
3814,5,MyBatis Java query,Services##Logic Services##Data Access Services##MyBatis for Java##MyBatis Java query,Java MyBatis Data Access with SQL queries,"rgb(220, 70, 15)",123
2135,5,NHibernate Entity,Services##Logic Services##Data Access Services##NHibernate##NHibernate Entity,NHibernate Entities,"rgb(103, 48, 176)",35
2136,5,NHibernate Queries,Services##Logic Services##Data Access Services##NHibernate##NHibernate Queries,NHibernate Queries,"rgb(103, 48, 176)",35
3828,5,NPoco Query,Services##Logic Services##Data Access Services##NPoco##NPoco Query,NPoco Queries,"rgb(45, 177, 210)",3454
3218,5,Node.js Run Service,System Interaction##Communication Services##Business Process Services##Run Service##Node.js Run Service,Direct execution of a Java program or any generic program from NodeJS,"rgb(192, 50, 80)",3216
2137,5,NodeJS,Services##Logic Services##Business Logic##NodeJS Business Logic##NodeJS,NodeJS,"rgb(91, 176, 48)",2148
2138,5,NodeJS AWS API Gateway,System Interaction##Communication Services##Exposed API##AWS API Gateway##NodeJS AWS API Gateway,AWS API Gateway using NodeJS SDK,"rgb(198, 153, 8)",1873
2139,5,NodeJS AWS DynamoDB,Data Services##Database Services##NoSQL Services##AWS DynamoDB##NodeJS AWS DynamoDB,NodeJS AWS DynamoDB,"rgb(9, 130, 221)",1867
2140,5,NodeJS AWS Lambda handler,Services##Logic Services##Business Logic##AWS Lambda##NodeJS AWS Lambda handler,NodeJS AWS Lambda handler,"rgb(250, 126, 20)",1865
2141,5,NodeJS AWS S3,Data Services##Data File Services##File Storage##AWS S3##NodeJS AWS S3,AWS S3 using AWS Javascript/Typescript SDK access,"rgb(213, 10, 10)",1866
3329,5,NodeJS AWS SNS Publishers,System Interaction##Communication Services##Messaging Services##AWS SNS##NodeJS AWS SNS Publishers,NodeJS AWS SNS Publishers,"rgb(111, 42, 202)",1871
3330,5,NodeJS AWS SNS Subscribers,System Interaction##Communication Services##Messaging Services##AWS SNS##NodeJS AWS SNS Subscribers,NodeJS AWS SNS Subscribers,"rgb(111, 42, 202)",1871
3331,5,NodeJS AWS SQS Publishers,System Interaction##Communication Services##Messaging Services##AWS SQS##NodeJS AWS SQS Publishers,NodeJS AWS SQS Publishers,"rgb(180, 138, 3)",1872
3332,5,NodeJS AWS SQS Subscribers,System Interaction##Communication Services##Messaging Services##AWS SQS##NodeJS AWS SQS Subscribers,NodeJS AWS SQS Subscribers,"rgb(180, 138, 3)",1872
2142,5,NodeJS Azure Blob,Data Services##Data File Services##File Storage##Azure Blob##NodeJS Azure Blob,Azure Blob using Azure Javascript/Typescript SDK access,"rgb(30, 123, 208)",1942
2143,5,NodeJS Azure CosmosDB,Data Services##Database Services##NoSQL Services##Azure Cosmos DB##NodeJS Azure CosmosDB,NodeJS Azure CosmosDB Collections,"rgb(16, 65, 223)",1943
2144,5,NodeJS Azure Function,Services##Logic Services##Business Logic##Azure Function##NodeJS Azure Function,NodeJS Azure Function,"rgb(10, 120, 241)",1945
2145,5,NodeJS Azure HttpTrigger,System Interaction##Communication Services##Exposed API##Azure HttpTrigger##NodeJS Azure HttpTrigger,NodeJS Azure HttpTrigger,"rgb(53, 185, 217)",1946
2146,5,NodeJS Azure Service Bus Publishers,System Interaction##Communication Services##Messaging Services##Azure Service Bus##NodeJS Azure Service Bus Publishers,All publishers created using Azure Service Bus Node.js SDK,"rgb(37, 172, 186)",1947
2147,5,NodeJS Azure Service Bus Receivers,System Interaction##Communication Services##Messaging Services##Azure Service Bus##NodeJS Azure Service Bus Receivers,All receivers created using Azure Service Bus Node.js SDK,"rgb(37, 172, 186)",1947
2149,5,NodeJS Call to Azure Function,Services##Logic Services##Business Logic##Azure Function##NodeJS Call to Azure Function,NodeJS Call to Azure Function,"rgb(57, 164, 231)",1945
2151,5,NodeJS CouchDB,Data Services##Database Services##NoSQL Services##CouchDB##NodeJS CouchDB,NodeJS CouchDB Database,"rgb(219, 29, 29)",1862
2153,5,NodeJS Elasticsearch,Data Services##Database Services##NoSQL Services##Elasticsearch##NodeJS Elasticsearch,NodeJS Elasticsearch ,"rgb(229, 198, 16)",1857
2154,5,NodeJS Exposed API,System Interaction##Communication Services##Exposed API##NodeJS Exposed Services##NodeJS Exposed API,NodeJS Exposed API,"rgb(91, 176, 48)",2155
2156,5,NodeJS GCP Bigtable,Data Services##Database Services##NoSQL Services##GCP Bigtable##NodeJS GCP Bigtable,GCP Bigtable instance using Node.js SDK,"rgb(34, 101, 176)",2032
2157,5,NodeJS GCP PubSub Publishers,System Interaction##Communication Services##Messaging Services##GCP Pub-Sub##NodeJS GCP PubSub Publishers,NodeJS GCP PubSub Publishers,"rgb(25, 107, 196)",2033
2158,5,NodeJS GCP PubSub Subscribers,System Interaction##Communication Services##Messaging Services##GCP Pub-Sub##NodeJS GCP PubSub Subscribers,NodeJS GCP PubSub Subscribers,"rgb(25, 107, 196)",2033
2159,5,NodeJS GCP PubSub Subscriptions,System Interaction##Communication Services##Messaging Services##GCP Pub-Sub##NodeJS GCP PubSub Subscriptions,NodeJS GCP PubSub Subscriptions,"rgb(25, 107, 196)",2033
2160,5,NodeJS GCP Storage,Data Services##Data File Services##File Storage##GCP Storage##NodeJS GCP Storage,CGP Storage Blob using CGP Javascript/Typescript SDK access,"rgb(25, 107, 196)",2034
3851,5,NodeJS MQTT Publishers,System Interaction##Communication Services##Messaging Services##MQTT##NodeJS MQTT Publishers,Publisher NodeJS MQTT,"rgb(102, 83, 172)",2900
3852,5,NodeJS MQTT Subscribers,System Interaction##Communication Services##Messaging Services##MQTT##NodeJS MQTT Subscribers,Subscribers NodeJS MQTT,"rgb(76, 33, 232)",2900
3853,5,NodeJS Marklogic,Data Services##Database Services##NoSQL Services##Marklogic##NodeJS Marklogic,NodeJS Marklogic,"rgb(164, 56, 19)",1851
2161,5,NodeJS Memcached,Data Services##Database Services##NoSQL Services##Memcached##NodeJS Memcached,NodeJS Memcached data,"rgb(12, 136, 65)",1853
2162,5,NodeJS MongoDB,Data Services##Database Services##NoSQL Services##MongoDB##NodeJS MongoDB,NodeJS MongoDB,"rgb(11, 178, 11)",1859
2164,5,NodeJS SignalR Hub,User Interaction##Web Interaction##Web Communication##SignalR for JS-TS##NodeJS SignalR Hub,SignalR Call to Hub using NodeJS SDK,"rgb(57, 164, 231)",462
2165,5,NodeJS Web Service Call,User Interaction##Web Interaction##Web Communication##NodeJS Communication##NodeJS Web Service Call,NodeJS Web Service Call,"rgb(91, 176, 48)",2150
2166,5,NodeJS gRPC Services,System Interaction##Communication Services##Exposed API##NodeJS Exposed Services##NodeJS gRPC Services,NodeJS gRPC Services,"rgb(91, 176, 48)",2155
2167,5,NodeJS gRPC Services Call,User Interaction##Web Interaction##Web Communication##NodeJS Communication##NodeJS gRPC Services Call,NodeJS gRPC Services Call,"rgb(91, 176, 48)",2150
3815,5,ORMLite Query,Services##Logic Services##Data Access Services##OrmLite##ORMLite Query,ORMLite SQL Queries,"rgb(76, 200, 107)",574
3541,5,Oracle Forms DataBlock,Services##Logic Services##Data Access Services##Data Block##Oracle Forms DataBlock,Oracle Forms DataBlock,"rgb(220, 40, 70)",3540
3589,5,Oracle Forms Function,Services##Logic Services##Business Logic##Oracle Forms##Oracle Forms Function,Oracle Forms Functions,"rgb(255, 180, 10)",1821
3539,5,Oracle Forms Menu,User Interaction##Screen Interaction##Rich Client Presentation##Oracle Forms Presentation##Oracle Forms Menu,Oracle Forms Menus & Menu Items,"rgb(122, 40, 0)",3537
3544,5,Oracle Forms Module,Services##Logic Services##Business Logic##Oracle Forms##Oracle Forms Module,Oracle Forms Module,"rgb(255, 180, 10)",1821
3594,5,Oracle Forms Object Library,Services##Logic Services##Business Logic##Oracle Forms##Oracle Forms Object Library,Oracle Forms Object Libraries,"rgb(255, 180, 10)",1821
3545,5,Oracle Forms PLSQL Library,Services##Logic Services##Business Logic##Oracle Forms##Oracle Forms PLSQL Library,Oracle Forms PL/SQL Library,"rgb(255, 180, 10)",1821
3593,5,Oracle Forms Package,Services##Logic Services##Business Logic##Oracle Forms##Oracle Forms Package,Oracle Forms Packages,"rgb(255, 180, 10)",1821
3590,5,Oracle Forms Procedure,Services##Logic Services##Business Logic##Oracle Forms##Oracle Forms Procedure,Oracle Forms Procedure,"rgb(255, 180, 10)",1821
3591,5,Oracle Forms Trigger,Services##Logic Services##Business Logic##Oracle Forms##Oracle Forms Trigger,Oracle Forms Triggers,"rgb(255, 180, 10)",1821
3120,5,Oracle Forms UI,User Interaction##Screen Interaction##Rich Client Presentation##Oracle Forms Presentation##Oracle Forms UI,"Oracle Forms UI ( Menu, Canvas, Graphics...)","rgb(181, 26, 0)",3537
3538,5,Oracle Forms Window,User Interaction##Screen Interaction##Rich Client Presentation##Oracle Forms Presentation##Oracle Forms Window,Oracle Forms Window,"rgb(122, 40, 0)",3537
3536,5,Oracle Report,Services##Output Services##Reporting Services##Oracle Report##Oracle Report,Oracle Report Module,"rgb(227, 40, 0)",3580
3597,5,Oracle Report SQL Query,Services##Output Services##Reporting Services##Oracle Report##Oracle Report SQL Query,Oracle Report SQL Queries,"rgb(255, 180, 10)",3580
2168,5,PDS Datasets,Data Services##Data File Services##DataSet Storage##DataSet Files##PDS Datasets,PDS Datasets,"rgb(76, 25, 239)",1978
3400,5,Prisma Entity,Services##Logic Services##Data Access Services##Prisma##Prisma Entity,Prisma Entity and Entity Operation,"rgb(0, 60, 20)",3399
2169,5,Pyramid Exposed API,System Interaction##Communication Services##Exposed API##Python Exposed Services##Pyramid Exposed API,Exposed API using Pyramid library,"rgb(91, 176, 48)",2176
3430,5,Python AIOHTTP Web Service Call,Services##Logic Services##Business Logic Communication##Python REST Libs##Python AIOHTTP Web Service Call,Python AIOHTTP Web Service Call,"rgb(102, 156, 50)",1799
2170,5,Python AWS API Gateway,System Interaction##Communication Services##Exposed API##AWS API Gateway##Python AWS API Gateway,AWS API Gaetway using Python SDK,"rgb(198, 153, 8)",1873
2171,5,Python AWS DynamoDB,Data Services##Database Services##NoSQL Services##AWS DynamoDB##Python AWS DynamoDB,Python AWS DynamoDB,"rgb(9, 130, 221)",1867
2172,5,Python AWS Lambda handler,Services##Logic Services##Business Logic##AWS Lambda##Python AWS Lambda handler,Python AWS Lambda handler,"rgb(250, 126, 20)",1865
2173,5,Python AWS S3,Data Services##Data File Services##File Storage##AWS S3##Python AWS S3,AWS S3 using AWS Python SDK access,"rgb(213, 10, 10)",1866
3327,5,Python AWS SNS Publishers,System Interaction##Communication Services##Messaging Services##AWS SNS##Python AWS SNS Publishers,Python AWS SNS Publishers,"rgb(111, 42, 202)",1871
3328,5,Python AWS SNS Subscribers,System Interaction##Communication Services##Messaging Services##AWS SNS##Python AWS SNS Subscribers,Python AWS SNS Subscribers,"rgb(111, 42, 202)",1871
3333,5,Python AWS SQS Publishers,System Interaction##Communication Services##Messaging Services##AWS SQS##Python AWS SQS Publishers,Python AWS SQS Publishers,"rgb(180, 138, 3)",1872
3334,5,Python AWS SQS Receivers,System Interaction##Communication Services##Messaging Services##AWS SQS##Python AWS SQS Receivers,Python AWS SQS Receivers,"rgb(180, 138, 3)",1872
3336,5,Python ActiveMQ Publishers,System Interaction##Communication Services##Messaging Services##ActiveMQ##Python ActiveMQ Publishers,Python ActiveMQ Publishers,"rgb(213, 10, 10)",1910
3335,5,Python ActiveMQ Subscribers,System Interaction##Communication Services##Messaging Services##ActiveMQ##Python ActiveMQ Subscribers,Python ActiveMQ Subscribers,"rgb(213, 10, 10)",1910
3984,5,Python DAO Modules,Services##Logic Services##Data Access Services##Python Data Access##Python DAO Modules,Python DAO Modules,"rgb(6, 128, 35)",2175
3987,5,Python Exposed Modules,System Interaction##Communication Services##Exposed API##Python Exposed Services##Python Exposed Modules,Python Exposed Modules,"rgb(18, 104, 217)",2176
3431,5,Python Httplib2 Web Service Call,Services##Logic Services##Business Logic Communication##Python REST Libs##Python Httplib2 Web Service Call,Python Httplib2 Web Service Call,"rgb(102, 156, 50)",1799
2177,5,Python IBM MQ Publishers,System Interaction##Communication Services##Messaging Services##IBM MQ##Python IBM MQ Publishers,Python IBM MQ Publishers,"rgb(49, 74, 180)",2040
2178,5,Python IBM MQ Subscribers,System Interaction##Communication Services##Messaging Services##IBM MQ##Python IBM MQ Subscribers,Python IBM MQ Subscribers,"rgb(49, 74, 180)",2040
2179,5,Python Queries,Services##Logic Services##Data Access Services##Python Data Access##Python Queries,Python Queries,"rgb(6, 128, 35)",2175
2180,5,Python RabbitMQ Publishers,System Interaction##Communication Services##Messaging Services##RabbitMQ##Python RabbitMQ Publishers,Python RabbitMQ Publishers ,"rgb(251, 120, 0)",3078
2181,5,Python RabbitMQ Subscribers,System Interaction##Communication Services##Messaging Services##RabbitMQ##Python RabbitMQ Subscribers,Python RabbitMQ Subscribers,"rgb(251, 120, 0)",3078
3438,5,Python Requests Web Service Call,Services##Logic Services##Business Logic Communication##Python REST Libs##Python Requests Web Service Call,Python Web Service Call,"rgb(102, 156, 50)",1799
3220,5,Python Run Service,System Interaction##Communication Services##Business Process Services##Run Service##Python Run Service,Direct execution of a Java program or any generic program from Python,"rgb(192, 50, 80)",3216
3432,5,Python Urllib Web Service Call,Services##Logic Services##Business Logic Communication##Python REST Libs##Python Urllib Web Service Call,Python Urllib and Urllib2 Web Service Call,"rgb(102, 156, 50)",1799
3433,5,Python Web Service Call,Services##Logic Services##Business Logic Communication##Python REST Libs##Python Web Service Call,Python Web Service Call,"rgb(102, 156, 50)",1799
3434,5,Python Web2py Web Service Call,Services##Logic Services##Business Logic Communication##Python REST Libs##Python Web2py Web Service Call,Python Web2py Web Service Call,"rgb(102, 156, 50)",1799
3764,5,Python httplib  Web Service Call,Services##Logic Services##Business Logic Communication##Python REST Libs##Python httplib  Web Service Call,Python httplib Web Service Call,"rgb(102, 156, 50)",1799
3985,5,Python ws Modules,Services##Logic Services##Business Logic Communication##Python REST Libs##Python ws Modules,Python ws Modules,"rgb(102, 156, 50)",1799
3704,5,R3 WebDynpro Presentation,User Interaction##Screen Interaction##Terminal Presentation##SAP Presentation##R3 WebDynpro Presentation,R3 WebDynpro Window and View,"rgb(108, 172, 104)",3678
2182,5,RPG III Data Queue Publisher,System Interaction##Communication Services##Messaging Services##IBM DQ##RPG III Data Queue Publisher,All Data Queue Publisher compatible with RPG III,"rgb(129, 29, 219)",2039
2183,5,RPG III Data Queue Receiver,System Interaction##Communication Services##Messaging Services##IBM DQ##RPG III Data Queue Receiver,All Data Queue Receiver compatible with RPG III,"rgb(129, 29, 219)",2039
3980,5,RPG III EXEC SQL,Services##Logic Services##Data Access Services##IBM i Data Access##RPG III EXEC SQL,RPG III EXEC SQL Queries,"rgb(153, 142, 210)",3977
2184,5,RPG III IBM MQ Publishers,System Interaction##Communication Services##Messaging Services##IBM MQ##RPG III IBM MQ Publishers,IBM MQ Publisher for RPG 300,"rgb(129, 29, 219)",2040
2185,5,RPG III IBM MQ Receivers,System Interaction##Communication Services##Messaging Services##IBM MQ##RPG III IBM MQ Receivers,IBM MQ Receiver for RPG 300,"rgb(129, 29, 219)",2040
2186,5,RPG IV Data Queue Publisher,System Interaction##Communication Services##Messaging Services##IBM DQ##RPG IV Data Queue Publisher,All Data Queue Publisher compatible with RPG IV,"rgb(129, 29, 219)",2039
2187,5,RPG IV Data Queue Receiver,System Interaction##Communication Services##Messaging Services##IBM DQ##RPG IV Data Queue Receiver,All Data Queue Receivers compatible with RPG IV,"rgb(129, 29, 219)",2039
3981,5,RPG IV EXEC SQL,Services##Logic Services##Data Access Services##IBM i Data Access##RPG IV EXEC SQL,RPG III EXEC SQL Queries,"rgb(153, 142, 210)",3977
2188,5,RPG IV IBM MQ Publishers,System Interaction##Communication Services##Messaging Services##IBM MQ##RPG IV IBM MQ Publishers,IBM MQ Publisher for RPG 400,"rgb(129, 29, 219)",2040
2189,5,RPG IV IBM MQ Receivers,System Interaction##Communication Services##Messaging Services##IBM MQ##RPG IV IBM MQ Receivers,IBM MQ Receiver for RPG 400,"rgb(129, 29, 219)",2040
2190,5,RPG Web Service Call,Services##Logic Services##Business Logic Communication##IBM i Communication##RPG Web Service Call,RPG Web Service Call,"rgb(129, 29, 219)",2043
2191,5,RRDS VSAM Files,Data Services##Data File Services##DataSet Storage##DataSet Files##RRDS VSAM Files,RRDS VSAM Files,"rgb(18, 134, 192)",1978
3732,5,Razor Source File,User Interaction##Web Interaction##Web Presentation##Blazor##Razor Source File,"A Razor source file in Blazor is a .razor file that defines a Blazor component. It combines HTML, C#, and Razor syntax to build reusable UI elements.","rgb(105, 114, 242)",3483
2193,5,React Components,User Interaction##Web Interaction##Web Presentation##ReactJS##React Components,All React components using classes or functions,"rgb(34, 130, 217)",28
2008,5,Redis .NET Collections,Services##Logic Services##Data Access Services##Redis for .NET##Redis .NET Collections,Redis Collection/Connection using .NET SDK,"rgb(229, 27, 27)",1878
3435,5,Redis JS-TS Collections,Services##Logic Services##Data Access Services##Redis for JS-TS##Redis JS-TS Collections,Redis for JS-TS Collections,"rgb(229, 27, 27)",480
2110,5,Redis Java Collections,Services##Logic Services##Data Access Services##Redis for Java##Redis Java Collections,Redis Colllection/Connection using Java SDK,"rgb(229, 27, 27)",632
3701,5,SAP BAPI,Services##Logic Services##Business Logic##SAP##SAP BAPI,"BAPI (Business Application Programming Interface) is a standardized, remote-enabled function module (RFC) in SAP that allows external applications or SAP systems to interact with SAP business processes","rgb(180, 15, 240)",1823
3693,5,SAP CDS View,Services##Logic Services##Data Access Services##SAP Data Access##SAP CDS View,ABAP Managed Database Procedures (AMDP) : Custom SQLScript logic written in ABAP methods but executed directly in SAP HANA for performance optimization.,"rgb(18, 177, 6)",3690
3674,5,SAP Table,Data Services##Database Services##RDBMS Services##SAP Data Base##SAP Table,SAP Tables and Missing Tables,"rgb(55, 106, 225)",3673
3677,5,SAP Transaction,System Interaction##Transactional Services##SAP Transaction##SAP Transaction Processing##SAP Transaction,SAP Transaction,"rgb(55, 214, 225)",3676
3675,5,SAP View,Data Services##Database Services##RDBMS Services##SAP Data Base##SAP View,SAP View,"rgb(55, 106, 225)",3673
3688,5,SAPUI5 ABAP Exposed API,Services##Logic Services##Business Logic##SAP##SAPUI5 ABAP Exposed API,SAPUI5 ABAP Exposed API,"rgb(180, 15, 240)",1823
2195,5,SAPUI5 Exposed API,System Interaction##Communication Services##Exposed API##SAP Exposed Services##SAPUI5 Exposed API,All SAPUI5/Fiori Back-end Exposed API,"rgb(210, 20, 20)",2194
2196,5,SOAP Configuration,System Interaction##Communication Services##Exposed API##JEE Exposed Services##SOAP Configuration,"SOAP services, Port and WSDL Operations","rgb(182, 12, 12)",2056
3401,5,Sequelize Entity,Services##Logic Services##Data Access Services##Sequelize##Sequelize Entity,Sequelize Entity and Entity Operation,"rgb(0, 109, 143)",614
3325,5,Servlet Exposed API,System Interaction##Communication Services##Exposed API##JEE Exposed Services##Servlet Exposed API,Iava Sevlet Exposed API,"rgb(182, 12, 12)",2056
2197,5,Shell AWS DynamoDB,Data Services##Database Services##NoSQL Services##AWS DynamoDB##Shell AWS DynamoDB,Shell AWS DynamoDB,"rgb(9, 130, 221)",1867
2198,5,Shell AWS Lambda,Services##Logic Services##Business Logic##AWS Lambda##Shell AWS Lambda,AWS Lambda from Shell CLI,"rgb(250, 126, 20)",1865
2199,5,Shell AWS SNS Publishers,System Interaction##Communication Services##Messaging Services##AWS SNS##Shell AWS SNS Publishers,Shell AWS SNS Publishers,"rgb(111, 42, 202)",1871
2200,5,Shell AWS SNS Subscribers,System Interaction##Communication Services##Messaging Services##AWS SNS##Shell AWS SNS Subscribers,Shell AWS SNS Subscribers,"rgb(111, 42, 202)",1871
2201,5,Shell AWS SQS Publishers,System Interaction##Communication Services##Messaging Services##AWS SQS##Shell AWS SQS Publishers,Shell AWS SQS Publishers,"rgb(180, 138, 3)",1872
3217,5,Shell Run Service,System Interaction##Communication Services##Business Process Services##Run Service##Shell Run Service,Direct execution of a Java program or any generic program from Shell,"rgb(192, 50, 80)",3216
3355,5,Spring Data Query,Services##Logic Services##Data Access Services##Spring Data##Spring Data Query,Spring Data Query queries,"rgb(100, 160, 60)",246
2061,5,Spring Hibernate Entity,Services##Logic Services##Data Access Services##Hibernate##Spring Hibernate Entity,Spring Hibernate Entity and Entity Operation,"rgb(202, 10, 10)",83
3356,5,Spring JDBC Query,Services##Logic Services##Data Access Services##Spring Data##Spring JDBC Query,Spring JDBC queries,"rgb(100, 160, 60)",246
3202,5,Spring MVC Controller,System Interaction##Communication Services##Exposed API##Spring Web Services##Spring MVC Controller,A Spring controller is a Java class that handles incoming HTTP requests and returns an HTTP response. It is typically annotated with @Controller and contains methods annotated with @RequestMapping to map requests to specific handler methods. Controllers often interact with a service layer to perform business logic and return a view or JSON/XML response to the client. They are a key component of the Spring MVC framework for building web applications.,"rgb(100, 160, 50)",248
2204,5,Spring MVC Exposed API,System Interaction##Communication Services##Exposed API##Spring Web Services##Spring MVC Exposed API,All exposed API web services using Spring MVC.,"rgb(91, 176, 48)",248
2205,5,Struts Configuration,System Interaction##Communication Services##Exposed API##JEE Exposed Services##Struts Configuration,"Struts Forward, Form Bean and Action Mapping","rgb(48, 97, 176)",2056
2206,5,Struts Exposed API,System Interaction##Communication Services##Exposed API##JEE Exposed Services##Struts Exposed API,Struts Exposed API,"rgb(48, 97, 176)",2056
3396,5,SubSonic Entity,Services##Logic Services##Data Access Services##SubSonic##SubSonic Entity,SubSonic Entity and Entity OperationSubSonic,"rgb(148, 0, 250)",3395
3397,5,SubSonic Query,Services##Logic Services##Data Access Services##SubSonic##SubSonic Query,SubSonic SQL Queries,"rgb(148, 0, 250)",3395
3429,5,Thymeleaf Resource Service,User Interaction##Screen Interaction##Rich Client Presentation##Thymeleaf##Thymeleaf Resource Service,Thymeleaf Resource Services,"rgb(79, 122, 40)",541
3398,5,TypeORM Entity,Services##Logic Services##Data Access Services##TypeORM##TypeORM Entity,TypeORM Entity and Entity Operations,"rgb(255, 60, 20)",485
2210,5,Typescript Web Service Call,User Interaction##Web Interaction##Web Communication##Typescript Communication##Typescript Web Service Call,All call to services using Typescript libraries,"rgb(24, 125, 217)",2209
2211,5,Vaadin View,User Interaction##Screen Interaction##Rich Client Presentation##Vaadin##Vaadin View,Vaadin View and Event Handler,"rgb(10, 150, 241)",544
2213,5,VueJS Web Service Call,User Interaction##Web Interaction##Web Communication##VueJS Communication##VueJS Web Service Call,VueJS Web Service Call,"rgb(2, 148, 16)",2212
2214,5,WCF Client Interfaces,Services##Logic Services##Business Logic Communication##WCF##WCF Client Interfaces,WCF Client Interfaces,"rgb(32, 50, 225)",65
2215,5,WCF Data Contracts,Services##Logic Services##Business Logic Communication##WCF##WCF Data Contracts,WCF Data Contracts,"rgb(32, 50, 225)",65
2216,5,WCF Exposed Services,Services##Logic Services##Business Logic Communication##WCF##WCF Exposed Services,WCF Exposed Services,"rgb(15, 42, 204)",65
2217,5,Web API Controller,User Interaction##Web Interaction##Web Coordination##ASP.NET Business Logic##Web API Controller,Web API Controller,"rgb(103, 48, 176)",1899
4015,5,Windows Forms Control,User Interaction##Screen Interaction##Rich Client Presentation##Windows Forms##Windows Forms Control,C# Control & C# Custom Control,"rgb(187, 112, 215)",39
3341,5,XMLHttpRequest Web Service Call,User Interaction##Web Interaction##Web Communication##Javascript Communication##XMLHttpRequest Web Service Call,XMLHttpRequest Web Service Call,"rgb(237, 203, 62)",2121
2025,5,Z EntityFramework Plus Entity,Services##Logic Services##Data Access Services##Entity Framework##Z EntityFramework Plus Entity,Z EntityFramework Plus Entity,"rgb(120, 37, 210)",2029
2237,5,iOS ObjC Application,User Interaction##Mobile Interaction##Mobile Presentation##iOS Presentation##iOS ObjC Application,iOS ObjC Application,"rgb(61, 52, 52)",2242
2238,5,iOS ObjC CoreData Classes,User Interaction##Mobile Interaction##Mobile Data Access##iOS Data Access##iOS ObjC CoreData Classes,iOS Objective-C CoreData Classes,"rgb(61, 52, 52)",2236
2239,5,iOS ObjC UI Classes,User Interaction##Mobile Interaction##Mobile Presentation##iOS Presentation##iOS ObjC UI Classes,iOS Objective-C UI Classes,"rgb(61, 52, 52)",2242
2240,5,iOS ObjC ViewController Classes,User Interaction##Mobile Interaction##Mobile Business Logic##iOS Business Logic##iOS ObjC ViewController Classes,iOS Objective-C UIViewController subclasses,"rgb(61, 52, 52)",2234
2241,5,iOS ObjC Web Service Call,User Interaction##Mobile Interaction##Mobile Communication##iOS Communication##iOS ObjC Web Service Call,iOS/Objective-C Web Service Call,"rgba(75, 73, 73, 0.9)",2235
2243,5,iOS Swift CoreData Classes,User Interaction##Mobile Interaction##Mobile Data Access##iOS Data Access##iOS Swift CoreData Classes,iOS Swift CoreData Classes,"rgba(75, 73, 73, 0.9)",2236
2244,5,iOS Swift UI Classes,User Interaction##Mobile Interaction##Mobile Presentation##iOS Presentation##iOS Swift UI Classes,iOS Swift UI Classes,"rgba(75, 73, 73, 0.9)",2242
2245,5,iOS Swift ViewController Classes,User Interaction##Mobile Interaction##Mobile Business Logic##iOS Business Logic##iOS Swift ViewController Classes,iOS Swift UIViewController Classes,"rgba(75, 73, 73, 0.9)",2234
2246,5,iOS Swift Web Service Call,User Interaction##Mobile Interaction##Mobile Communication##iOS Communication##iOS Swift Web Service Call,iOS Swift Web Service Call,"rgba(75, 73, 73, 0.9)",2235
2247,5,iOS UI Files,User Interaction##Mobile Interaction##Mobile Presentation##iOS Presentation##iOS UI Files,iOS UI Files,"rgb(53, 46, 46)",2242
3313,5,jOOQ Entity,Services##Logic Services##Data Access Services##jOOQ##jOOQ Entity,jOOQ Entity and Entity Operation,"rgb(220, 70, 15)",573
3352,5,jOOQ Query,Services##Logic Services##Data Access Services##jOOQ##jOOQ Query,jOOQ SQL Query and Unknown SQL Query,"rgb(220, 70, 15)",573
2249,5,jQuery Web Service Call,User Interaction##Web Interaction##Web Communication##Javascript Communication##jQuery Web Service Call,jQuery Web Service Call,"rgb(24, 125, 217)",2121
